id,game,code,name,aka,faction,domain,kind,tech,role,description,hp,cost_metal,cost_energy,build_time,speed,weapons,image
ta-armcom,ta,ARMCOM,Commander,,arm,commander,Commander,0,commander,Commander,3000,29854.0,34125.0,,,ARMCOMLASER | ARM_DISINTEGRATOR,img/ta/armcom.png
ta-armdecom,ta,ARMDECOM,Decoy Commander,,arm,commander,Commander,0,commander,Decoy Commander,1420,721.0,11561.0,,,ARMCOMLASER,img/ta/armdecom.png
ta-armaca,ta,ARMACA,Adv. Construction Aircraft,,arm,land,Construction units,2,t2_engineer,Tech Level 2,360,220.0,12096.0,,,,img/ta/armaca.png
ta-armack,ta,ARMACK,Adv. Construction Kbot,,arm,land,Construction units,2,t2_engineer,Tech Level 2,1040,300.0,5784.0,,,,img/ta/armack.png
ta-armacsub,ta,ARMACSUB,Advanced Construction Sub,,arm,navy,Construction units,2,t2_engineer,Tech Level 2,360,695.0,7568.0,,,,img/ta/armacsub.png
ta-armacv,ta,ARMACV,Adv. Construction Vehicle,,arm,land,Construction units,2,t2_engineer,Tech Level 2,1205,481.0,4263.0,,,,img/ta/armacv.png
ta-armca,ta,ARMCA,Construction Aircraft,,arm,air,Construction units,1,t1_engineer,Tech Level 1,280,105.0,4320.0,,,,img/ta/armca.png
ta-armch,ta,ARMCH,Construction Hovercraft,,arm,land,Construction units,1,t1_engineer,Tech Level 1,723,396.0,4370.0,,,,img/ta/armch.png
ta-armck,ta,ARMCK,Construction KBot,,arm,land,Construction units,1,t1_engineer,Tech Level 1,700,120.0,2410.0,,,,img/ta/armck.png
ta-armcs,ta,ARMCS,Construction Ship,,arm,navy,Construction units,1,t1_engineer,Tech Level 1,1105,255.0,2130.0,,,,img/ta/armcs.png
ta-armcsa,ta,ARMCSA,Construction Seaplane,,arm,air,Construction units,1,t1_engineer,Tech Level 1,170,115.0,5368.0,,,,img/ta/armcsa.png
ta-armcv,ta,ARMCV,Construction Vehicle,,arm,land,Construction units,1,t1_engineer,Tech Level 1,870,185.0,2030.0,,,,img/ta/armcv.png
ta-armfark,ta,ARMFARK,FARK,,arm,land,Construction units,2,t2_engineer,Fast Assist-Repair Kbot,830,480.0,3219.0,,,,img/ta/armfark.png
ta-armmlv,ta,ARMMLV,Podger,,arm,land,Construction units,1,t1_engineer,Mine Layer Vehicle,1200,173.0,1031.0,,,,img/ta/armmlv.png
ta-armaap,ta,ARMAAP,Adv. Aircraft Plant,,arm,structure,"Production buildings (plants, labs, shipyards)",2,t2_factory_air,Produces Aircraft,2100,2210.0,4521.0,,,,img/ta/armaap.png
ta-armalab,ta,ARMALAB,Adv. Kbot Lab,,arm,structure,"Production buildings (plants, labs, shipyards)",2,t2_factory_land,Produces Kbots,3005,2007.0,3277.0,,,,img/ta/armalab.png
ta-armap,ta,ARMAP,Aircraft Plant,,arm,structure,"Production buildings (plants, labs, shipyards)",1,t1_factory_air,Produces Aircraft,1850,850.0,1370.0,,,,img/ta/armap.png
ta-armasy,ta,ARMASY,Adv. Shipyard,,arm,structure,"Production buildings (plants, labs, shipyards)",2,t2_factory_naval,Produces Ships,2820,2524.0,2402.0,,,,img/ta/armasy.png
ta-armavp,ta,ARMAVP,Adv. Vehicle Plant,,arm,structure,"Production buildings (plants, labs, shipyards)",2,t2_factory_land,Produces Vehicles,2435,1984.0,3200.0,,,,img/ta/armavp.png
ta-armhp,ta,ARMHP,Hovercraft Platform,,arm,structure,"Production buildings (plants, labs, shipyards)",2,t2_factory_land,Builds Hovercraft,3005,2007.0,5277.0,,,,img/ta/armhp.png
ta-armlab,ta,ARMLAB,Kbot Lab,,arm,structure,"Production buildings (plants, labs, shipyards)",1,t1_factory_land,Produces Kbots,2690,705.0,1130.0,,,,img/ta/armlab.png
ta-armplat,ta,ARMPLAT,Seaplane Platform,,arm,structure,"Production buildings (plants, labs, shipyards)",2,t2_factory_air,Builds Seaplanes,1820,2223.0,5396.0,,,,img/ta/armplat.png
ta-armsy,ta,ARMSY,Shipyard,,arm,structure,"Production buildings (plants, labs, shipyards)",1,t1_factory_naval,Produces Ships,2490,615.0,775.0,,,,img/ta/armsy.png
ta-armvp,ta,ARMVP,Vehicle Plant,,arm,structure,"Production buildings (plants, labs, shipyards)",1,t1_factory_land,Produces Vehicles,2580,620.0,1000.0,,,,img/ta/armvp.png
ta-armckfus,ta,ARMCKFUS,Cloakable Fusion Reactor,,arm,structure,Resource & storage buildings,2,t2_energy,Produces Energy,2200,5420.0,42058.0,,,,img/ta/armckfus.png
ta-armdrag,ta,ARMDRAG,Dragon's Teeth,,arm,structure,Resource & storage buildings,1,wall,Perimeter Defense,3500,10.0,250.0,,,,img/ta/armdrag.png
ta-armestor,ta,ARMESTOR,Energy Storage,,arm,structure,Resource & storage buildings,1,t1_energy,Increases Energy Storage,1000,240.0,2430.0,,,,img/ta/armestor.png
ta-armfmkr,ta,ARMFMKR,Floating Metal Maker,,arm,structure,Resource & storage buildings,1,t1_fab,Floating Metal Maker,110,,1480.0,,,,img/ta/armfmkr.png
ta-armfort,ta,ARMFORT,Fortification Wall,,arm,structure,Resource & storage buildings,1,wall,Perimeter Defense,2000,27.0,675.0,,,,img/ta/armfort.png
ta-armfus,ta,ARMFUS,Fusion Reactor,,arm,structure,Resource & storage buildings,2,t2_energy,Produces Energy,3100,5130.0,36058.0,,,,img/ta/armfus.png
ta-armgeo,ta,ARMGEO,Geothermal Powerplant,,arm,structure,Resource & storage buildings,2,t2_energy,Produces Energy,880,520.0,9568.0,,,,img/ta/armgeo.png
ta-armmakr,ta,ARMMAKR,Metal Maker,,arm,structure,Resource & storage buildings,1,t1_fab,Converts Energy into Metal,144,0.0,687.0,,,,img/ta/armmakr.png
ta-armmex,ta,ARMMEX,Metal Extractor,,arm,structure,Resource & storage buildings,1,t1_mex,Extracts Metal,170,50.0,521.0,,,,img/ta/armmex.png
ta-armmmkr,ta,ARMMMKR,Moho Metal Maker,,arm,structure,Resource & storage buildings,2,t2_fab,Converts Energy into Metal,400,58.0,9350.0,,,,img/ta/armmmkr.png
ta-armmoho,ta,ARMMOHO,Moho Mine,,arm,structure,Resource & storage buildings,2,t2_mex,Advanced Metal Extractor,1573,1508.0,8700.0,,,,img/ta/armmoho.png
ta-armmstor,ta,ARMMSTOR,Metal Storage,,arm,structure,Resource & storage buildings,1,t1_mex,Increases Metal Storage,1329,305.0,535.0,,,,img/ta/armmstor.png
ta-armsolar,ta,ARMSOLAR,Solar Collector,,arm,structure,Resource & storage buildings,1,t1_energy,Produces Energy,326,145.0,760.0,,,,img/ta/armsolar.png
ta-armtide,ta,ARMTIDE,Tidal Generator,,arm,structure,Resource & storage buildings,1,t1_energy,Produces Energy,256,82.0,768.0,,,,img/ta/armtide.png
ta-armuwes,ta,ARMUWES,Underwater Energy Storage,,arm,structure,Resource & storage buildings,1,t1_energy,Increases Energy Storage,1447,284.0,2950.0,,,,img/ta/armuwes.png
ta-armuwfus,ta,ARMUWFUS,Underwater Fusion Plant,,arm,structure,Resource & storage buildings,2,t2_energy,Produces Energy,1231,7085.0,54287.0,,,,img/ta/armuwfus.png
ta-armuwmex,ta,ARMUWMEX,Underwater Metal Extractor,,arm,structure,Resource & storage buildings,1,t1_mex,Extracts Metal,330,130.0,2074.0,,,,img/ta/armuwmex.png
ta-armuwms,ta,ARMUWMS,Underwater Metal Storage,,arm,structure,Resource & storage buildings,1,t1_mex,Increases Metal Storage,1625,360.0,1255.0,,,,img/ta/armuwms.png
ta-armwin,ta,ARMWIN,Wind Generator,,arm,structure,Resource & storage buildings,1,t1_energy,Produces Energy,176,52.0,509.0,,,,img/ta/armwin.png
ta-armamb,ta,ARMAMB,Ambusher,,arm,structure,"Defensive structures (turrets, anti-nuke, big-bertha)",2,t2_arty,Pop-up Heavy Cannon,1658,2002.0,16821.0,,,ARMAMB_GUN,img/ta/armamb.png
ta-armamd,ta,ARMAMD,Protector,,arm,structure,"Defensive structures (turrets, anti-nuke, big-bertha)",2,antinuke,Anti Missile Defense System,780,1437.0,88000.0,,,AMD_ROCKET,img/ta/armamd.png
ta-armanni,ta,ARMANNI,Annihilator,,arm,structure,"Defensive structures (turrets, anti-nuke, big-bertha)",3,t3_arty_static,Energy weapon,1410,3985.0,25025.0,,,ARM_TOTAL_ANNIHILATOR,img/ta/armanni.png
ta-armatl,ta,ARMATL,Advanced Torpedo Launcher,,arm,structure,"Defensive structures (turrets, anti-nuke, big-bertha)",2,other,Advanced Torpedo Launcher,520,1762.0,4942.0,,,ARMATL_TORPEDO,img/ta/armatl.png
ta-armbrtha,ta,ARMBRTHA,Big Bertha,,arm,structure,"Defensive structures (turrets, anti-nuke, big-bertha)",3,t3_arty_static,Long Range Plasma Cannon,1800,4184.0,64680.0,,,ARM_BERTHACANNON,img/ta/armbrtha.png
ta-armfdrag,ta,ARMFDRAG,Floating Dragon's Teeth,,arm,structure,"Defensive structures (turrets, anti-nuke, big-bertha)",1,wall,Floating Dragon's Teeth,3500,20.0,600.0,,,,img/ta/armfdrag.png
ta-armfhlt,ta,ARMFHLT,Stingray,,arm,structure,"Defensive structures (turrets, anti-nuke, big-bertha)",2,t2_pd,Floating Heavy Laser Tower,1325,524.0,5796.0,,,ARMFHLT_LASER,img/ta/armfhlt.png
ta-armflak,ta,ARMFLAK,Flakker,,arm,structure,"Defensive structures (turrets, anti-nuke, big-bertha)",2,t2_flak,Anti-Air Flak Gun,1524,1069.0,17425.0,,,ARMFLAK_GUN,img/ta/armflak.png
ta-armguard,ta,ARMGUARD,Guardian,,arm,structure,"Defensive structures (turrets, anti-nuke, big-bertha)",2,t2_arty,Plasma Battery,2477,1946.0,7687.0,,,ARMFIXED_GUN,img/ta/armguard.png
ta-armhlt,ta,ARMHLT,Sentinel,,arm,structure,"Defensive structures (turrets, anti-nuke, big-bertha)",2,t2_pd,Heavy Laser Tower,1230,584.0,5398.0,,,ARM_LASERH1,img/ta/armhlt.png
ta-armllt,ta,ARMLLT,L.L.T.,,arm,structure,"Defensive structures (turrets, anti-nuke, big-bertha)",1,t1_pd,Light Laser Tower,750,262.0,2546.0,,,ARM_LIGHTLASER,img/ta/armllt.png
ta-armmanni,ta,ARMMANNI,Penetrator,,arm,structure,"Defensive structures (turrets, anti-nuke, big-bertha)",2,other,Mobile Energy Weapon,650,2604.0,17477.0,,,ARMMANNI_WEAPON,img/ta/armmanni.png
ta-armmart,ta,ARMMART,Luger,,arm,structure,"Defensive structures (turrets, anti-nuke, big-bertha)",2,t3_arty,Mobile Artillery,525,264.0,2140.0,,,ARM_ARTILLERY,img/ta/armmart.png
ta-armmerl,ta,ARMMERL,Merl,,arm,structure,"Defensive structures (turrets, anti-nuke, big-bertha)",2,t2_mml,Mobile Rocket Launcher,540,462.0,2746.0,,,ARMTRUCK_ROCKET,img/ta/armmerl.png
ta-armrl,ta,ARMRL,Defender,,arm,structure,"Defensive structures (turrets, anti-nuke, big-bertha)",1,t1_aa_turret,Missile Tower,295,79.0,843.0,,,ARMRL_MISSILE,img/ta/armrl.png
ta-armsilo,ta,ARMSILO,Retaliator,,arm,structure,"Defensive structures (turrets, anti-nuke, big-bertha)",1,nuke,Nuclear Missile Launcher,2300,1010.0,52134.0,,,NUCLEAR_MISSILE,img/ta/armsilo.png
ta-armtl,ta,ARMTL,Torpedo Launcher,,arm,structure,"Defensive structures (turrets, anti-nuke, big-bertha)",1,other,Torpedo Launcher,1450,804.0,2658.0,,,COAX_TORPEDO,img/ta/armtl.png
ta-armvulc,ta,ARMVULC,Vulcan,,arm,structure,"Defensive structures (turrets, anti-nuke, big-bertha)",3,experimental,Rapid Fire Plasma Cannon,1400,45198.0,479111.0,,,ARMVULC_WEAPON,img/ta/armvulc.png
ta-armarad,ta,ARMARAD,Advanced Radar Tower,,arm,structure,"Sensors & jammers (radar, sonar)",2,other,Long Range Radar Tower,120,125.0,1830.0,,,,img/ta/armarad.png
ta-armason,ta,ARMASON,Advanced Sonar Station,,arm,structure,"Sensors & jammers (radar, sonar)",2,other,Extended Sonar,320,163.0,2469.0,,,,img/ta/armason.png
ta-armjam,ta,ARMJAM,Jammer,,arm,structure,"Sensors & jammers (radar, sonar)",1,other,Mobile Radar Jammer,460,97.0,1621.0,,,,img/ta/armjam.png
ta-armrad,ta,ARMRAD,Radar Tower,,arm,structure,"Sensors & jammers (radar, sonar)",1,t1_radar,Radar Tower,51,49.0,750.0,,,,img/ta/armrad.png
ta-armsjam,ta,ARMSJAM,Escort,,arm,structure,"Sensors & jammers (radar, sonar)",1,other,Radar Jammer Ship,510,131.0,1928.0,,,,img/ta/armsjam.png
ta-armsonar,ta,ARMSONAR,Sonar Station,,arm,structure,"Sensors & jammers (radar, sonar)",1,t1_radar,Locates Water Units,50,20.0,403.0,,,,img/ta/armsonar.png
ta-armatlas,ta,ARMATLAS,Atlas,,arm,air,"Aircraft (VTOL, bombers, fighters)",1,t1_transport,Air Transport,150,107.0,2479.0,,,,img/ta/armatlas.png
ta-armawac,ta,ARMAWAC,Eagle,,arm,air,"Aircraft (VTOL, bombers, fighters)",2,other,Radar Plane,110,165.0,8062.0,,,,img/ta/armawac.png
ta-armbrawl,ta,ARMBRAWL,Brawler,,arm,air,"Aircraft (VTOL, bombers, fighters)",2,t2_gunship,Gunship,920,314.0,6249.0,,,VTOL_EMG,img/ta/armbrawl.png
ta-armfig,ta,ARMFIG,Freedom Fighter,,arm,air,"Aircraft (VTOL, bombers, fighters)",1,t1_interceptor,Fighter,196,99.0,3234.0,,,ARMVTOL_MISSILE,img/ta/armfig.png
ta-armhawk,ta,ARMHAWK,Hawk,,arm,air,"Aircraft (VTOL, bombers, fighters)",2,t2_fighter,Stealth Fighter,510,254.0,6893.0,,,ARMVTOL_ADVMISSILE | ARMVTOL_ADVMISSILE2,img/ta/armhawk.png
ta-armlance,ta,ARMLANCE,Lancet,,arm,air,"Aircraft (VTOL, bombers, fighters)",2,other,Torpedo Bomber,370,378.0,6438.0,,,ARMAIR_TORPEDO,img/ta/armlance.png
ta-armpeep,ta,ARMPEEP,Peeper,,arm,air,"Aircraft (VTOL, bombers, fighters)",1,t1_air_scout,Air Scout,80,40.28,1475.0,,,,img/ta/armpeep.png
ta-armpnix,ta,ARMPNIX,Phoenix,,arm,air,"Aircraft (VTOL, bombers, fighters)",2,t2_bomber,Bomber,470,209.0,7624.0,,,ARMADVBOMB | ARMAIR2AIRLASER,img/ta/armpnix.png
ta-armseap,ta,ARMSEAP,Albatross,,arm,air,"Aircraft (VTOL, bombers, fighters)",1,other,Torpedo Seaplane,216,557.0,9619.0,,,ARMSEAP_WEAPON1 | ARMSEAP_WEAPON2 | ARMSEAP_WEAPON3,img/ta/armseap.png
ta-armsehak,ta,ARMSEHAK,Seahawk,,arm,air,"Aircraft (VTOL, bombers, fighters)",1,other,Airborne Sonar,470,139.0,7624.0,,,,img/ta/armsehak.png
ta-armsfig,ta,ARMSFIG,Tornado,,arm,air,"Aircraft (VTOL, bombers, fighters)",1,other,Seaplane Fighter,150,187.0,6307.0,,,ARMSFIG_WEAPON | ARMSFIG_WEAPON2,img/ta/armsfig.png
ta-armthund,ta,ARMTHUND,Thunder,,arm,air,"Aircraft (VTOL, bombers, fighters)",1,t1_bomber,Bomber,320,130.0,5496.0,,,ARMBOMB,img/ta/armthund.png
ta-armaas,ta,ARMAAS,Archer,,arm,navy,Ships (surface),2,other,Anti-Air Ship,2360,1358.0,17058.0,,,ARMAAS_WEAPON1 | ARMAAS_WEAPON2 | ARMAAS_WEAPON3,img/ta/armaas.png
ta-armbats,ta,ARMBATS,Millenium,,arm,navy,Ships (surface),2,t3_battleship,Battleship,5720,4404.0,20731.0,,,ARM_BATS | ARM_BATS,img/ta/armbats.png
ta-armcarry,ta,ARMCARRY,Colossus,,arm,navy,Ships (surface),2,other,Light Carrier,3390,1372.0,11257.0,,,,img/ta/armcarry.png
ta-armcrus,ta,ARMCRUS,Conqueror,,arm,navy,Ships (surface),2,t2_cruiser,Cruiser,4050,1719.0,8608.0,,,ARM_CRUS | ARMDEPTHCHARGE,img/ta/armcrus.png
ta-armmship,ta,ARMMSHIP,Ranger,,arm,navy,Ships (surface),2,other,Missile Ship,1200,2348.0,7804.0,,,ARMMSHIP_ROCKET | ARMSHIP_MISSILE,img/ta/armmship.png
ta-armpt,ta,ARMPT,Skeeter,,arm,navy,Ships (surface),1,t1_frigate,Scout Ship,560,100.0,985.0,,,ARMPT_LASER | ARMKBOT_MISSILE,img/ta/armpt.png
ta-armroy,ta,ARMROY,Crusader,,arm,navy,Ships (surface),1,t2_destroyer,Destroyer,2870,898.0,4537.0,,,ARM_ROY | ARMDEPTHCHARGE,img/ta/armroy.png
ta-armss,ta,ARMSS,Sea Serpent,,arm,navy,Ships (surface),1,other,Indigenous Lifeform,420,0.0,4385.0,,,FLAMETHROWER,img/ta/armss.png
ta-armtship,ta,ARMTSHIP,Hulk,,arm,navy,Ships (surface),1,other,Transport Ship,2000,919.0,4639.0,,,,img/ta/armtship.png
ta-armscram,ta,ARMSCRAM,Fibber,,arm,navy,Submarines & underwater units,1,other,Sonar Jamming Sub,450,295.0,2897.0,,,,img/ta/armscram.png
ta-armsub,ta,ARMSUB,Lurker,,arm,navy,Submarines & underwater units,1,t1_sub,Submarine,610,1151.0,3724.0,,,ARM_TORPEDO,img/ta/armsub.png
ta-armsubk,ta,ARMSUBK,Piranha,,arm,navy,Submarines & underwater units,2,other,Submarine Killer,290,1448.0,5481.0,,,ARMSMART_TORPEDO,img/ta/armsubk.png
ta-armamph,ta,ARMAMPH,Pelican,,arm,land,Kbots (bipedal walkers),2,t2_amphib,Amphibious Kbot,800,255.0,2468.0,,,ARMAMPH_WEAPON1 | ARMAMPH_WEAPON2,img/ta/armamph.png
ta-armaser,ta,ARMASER,Eraser,,arm,land,Kbots (bipedal walkers),2,other,Radar Jammer,305,73.0,1326.0,,,,img/ta/armaser.png
ta-armfast,ta,ARMFAST,Zipper,,arm,land,Kbots (bipedal walkers),2,other,Fast Attack Kbot,550,151.0,2221.0,,,ARM_FAST,img/ta/armfast.png
ta-armfido,ta,ARMFIDO,Fido,,arm,land,Kbots (bipedal walkers),2,t2_tank,Assault Kbot,1000,398.0,3556.0,,,GAUSS,img/ta/armfido.png
ta-armflea,ta,ARMFLEA,Flea,,arm,land,Kbots (bipedal walkers),1,t1_land_scout,Fast Light Scout Kbot,75,44.0,712.0,,,ARMFLEA_WEAPON,img/ta/armflea.png
ta-armham,ta,ARMHAM,Hammer,,arm,land,Kbots (bipedal walkers),1,t1_arty,Artillery Kbot,800,151.0,1187.0,,,ARM_HAM,img/ta/armham.png
ta-armjeth,ta,ARMJETH,Jethro,,arm,land,Kbots (bipedal walkers),1,t1_aa,Anti-Air Kbot,470,128.0,1219.0,,,ARMKBOT_MISSILE,img/ta/armjeth.png
ta-armmark,ta,ARMMARK,Marky,,arm,land,Kbots (bipedal walkers),2,other,Mobile Radar Kbot,320,95.0,1152.0,,,,img/ta/armmark.png
ta-armmav,ta,ARMMAV,Maverick,,arm,land,Kbots (bipedal walkers),2,t3_assault,Gun-slinging Kbot,870,492.0,10914.0,,,ARMMAV_WEAPON,img/ta/armmav.png
ta-armpw,ta,ARMPW,Peewee,,arm,land,Kbots (bipedal walkers),1,t1_light_bot,Infantry Kbot,250,53.0,697.0,,,EMG,img/ta/armpw.png
ta-armrock,ta,ARMROCK,Rocko,,arm,land,Kbots (bipedal walkers),1,t1_arty,Rocket Kbot,610,117.0,964.0,,,KBOT_ROCKET,img/ta/armrock.png
ta-armsnipe,ta,ARMSNIPE,Shooter,,arm,land,Kbots (bipedal walkers),2,t3_assault,Sniper Kbot,320,935.0,14727.0,,,ARMSNIPE_WEAPON,img/ta/armsnipe.png
ta-armspy,ta,ARMSPY,Infiltrator,,arm,land,Kbots (bipedal walkers),2,other,SPY Kbot,270,128.0,9219.0,,,,img/ta/armspy.png
ta-armvader,ta,ARMVADER,Invader,,arm,land,Kbots (bipedal walkers),2,other,Crawling Bomb,185,61.0,5473.0,,,,img/ta/armvader.png
ta-armwar,ta,ARMWAR,Warrior,,arm,land,Kbots (bipedal walkers),1,t1_light_bot,Medium Infantry Kbot,850,196.0,2236.0,,,ARMWAR_LCANNON | ARMWAR_EMG,img/ta/armwar.png
ta-armzeus,ta,ARMZEUS,Zeus,,arm,land,Kbots (bipedal walkers),2,t2_tank,Assault Kbot,875,267.0,2228.0,,,LIGHTNING,img/ta/armzeus.png
ta-armah,ta,ARMAH,Swatter,,arm,land,"Vehicles (tanks, hovercraft, jeeps)",2,other,Anti-Air Hovercraft,375,120.0,1444.0,,,ARMAH_WEAPON,img/ta/armah.png
ta-armanac,ta,ARMANAC,Anaconda,,arm,land,"Vehicles (tanks, hovercraft, jeeps)",2,other,Hovertank,880,272.0,2856.0,,,ARMANAC_WEAPON,img/ta/armanac.png
ta-armbull,ta,ARMBULL,Bulldog,,arm,land,"Vehicles (tanks, hovercraft, jeeps)",2,t2_tank,Heavy Assault Tank,2102,467.0,2994.0,,,ARM_BULL,img/ta/armbull.png
ta-armcroc,ta,ARMCROC,Triton,,arm,land,"Vehicles (tanks, hovercraft, jeeps)",2,t2_amphib,Amphibious Tank,1230,298.0,2300.0,,,ARM_MEDIUMCANNON,img/ta/armcroc.png
ta-armfav,ta,ARMFAV,Jeffy,,arm,land,"Vehicles (tanks, hovercraft, jeeps)",1,t1_land_scout,Fast Attack Vehicle,79,37.0,564.0,,,ARM_LASER,img/ta/armfav.png
ta-armflash,ta,ARMFLASH,Flash,,arm,land,"Vehicles (tanks, hovercraft, jeeps)",1,t1_tank,Fast Assault Tank,625,106.0,870.0,,,EMG,img/ta/armflash.png
ta-armlatnk,ta,ARMLATNK,Panther,,arm,land,"Vehicles (tanks, hovercraft, jeeps)",2,other,Lightning Tank,1100,354.0,3830.0,,,ARMLATNK_WEAPON | ARMKBOT_MISSILE,img/ta/armlatnk.png
ta-armmh,ta,ARMMH,Wombat,,arm,land,"Vehicles (tanks, hovercraft, jeeps)",2,other,Hovercraft Rocket Launcher,450,325.0,3131.0,,,ARMMH_WEAPON,img/ta/armmh.png
ta-armsam,ta,ARMSAM,Samson,,arm,land,"Vehicles (tanks, hovercraft, jeeps)",1,t1_aa,Mobile Missile Launcher,650,119.0,1027.0,,,ARMTRUCK_MISSILE,img/ta/armsam.png
ta-armscab,ta,ARMSCAB,Scarab,,arm,land,"Vehicles (tanks, hovercraft, jeeps)",2,antinuke,Mobile Missile Defense,780,1437.0,88000.0,,,ARMSCAB_WEAPON,img/ta/armscab.png
ta-armseer,ta,ARMSEER,Seer,,arm,land,"Vehicles (tanks, hovercraft, jeeps)",2,other,Mobile Radar,480,85.0,941.0,,,,img/ta/armseer.png
ta-armsh,ta,ARMSH,Skimmer,,arm,land,"Vehicles (tanks, hovercraft, jeeps)",1,other,Scout Hovercraft,200,76.0,1169.0,,,ARMSH_WEAPON,img/ta/armsh.png
ta-armspid,ta,ARMSPID,Spider,,arm,land,"Vehicles (tanks, hovercraft, jeeps)",2,other,Spider Assault Vehicle,450,230.0,2200.0,,,ARM_PARALYZER,img/ta/armspid.png
ta-armstump,ta,ARMSTUMP,Stumpy,,arm,land,"Vehicles (tanks, hovercraft, jeeps)",1,t1_tank,Medium Assault Tank,992,165.0,1246.0,,,ARM_LIGHTCANNON,img/ta/armstump.png
ta-armthovr,ta,ARMTHOVR,Bear,,arm,land,"Vehicles (tanks, hovercraft, jeeps)",2,other,Transport Hovercraft,1150,665.0,7938.0,,,,img/ta/armthovr.png
ta-armyork,ta,ARMYORK,Phalanx,,arm,land,"Vehicles (tanks, hovercraft, jeeps)",2,t2_flak,Mobile Flak Vehicle,621,830.0,10500.0,,,ARMYORK_GUN,img/ta/armyork.png
ta-armasp,ta,ARMASP,Air Repair Pad,,arm,structure,Misc / other,2,other,Automatically repairs aircraft,680,425.0,8510.0,,,,img/ta/armasp.png
ta-armbeac,ta,ARMBEAC,Alien Beacon,,arm,structure,Misc / other,1,other,Alien Beacon,11000,5214.0,423100.0,,,,img/ta/armbeac.png
ta-armdev1,ta,ARMDEV1,Implosion Device,,arm,structure,Misc / other,1,other,Implosion Device,4110,8545.0,132500.0,,,,img/ta/armdev1.png
ta-armemp,ta,ARMEMP,Stunner,,arm,structure,Misc / other,2,other,EMP Missile Launcher,2300,1802.0,52134.0,,,ARMEMP_WEAPON,img/ta/armemp.png
ta-armfrt,ta,ARMFRT,Defender - NS,,arm,navy,Misc / other,1,t1_aa_turret,Missile Tower - Naval Series,252,71.0,987.0,,,ARMRL_MISSILE,img/ta/armfrt.png
ta-armgate,ta,ARMGATE,Galactic Gate,,arm,structure,Misc / other,1,other,Space Teleporter,2876,213965.0,1865294.0,,,,img/ta/armgate.png
ta-armmine1,ta,ARMMINE1,Tiny,,arm,structure,Misc / other,1,other,"Low Damage, Med. Range Mine",100,32.0,1017.0,,,,img/ta/armmine1.png
ta-armmine2,ta,ARMMINE2,Area Mine,,arm,structure,Misc / other,1,other,"Low Damage, Large Range Mine",100,61.0,1909.0,,,,img/ta/armmine2.png
ta-armmine3,ta,ARMMINE3,Focused Mine,,arm,structure,Misc / other,1,other,"Med. Damage, Small Range Mine",100,86.0,2688.0,,,,img/ta/armmine3.png
ta-armmine4,ta,ARMMINE4,HE Area Mine,,arm,structure,Misc / other,1,other,"Med. Damage, Large Range Mine",100,137.0,4294.0,,,,img/ta/armmine4.png
ta-armmine5,ta,ARMMINE5,Precision Mine,,arm,structure,Misc / other,1,other,"High Damage, Small Range Mine",2000,132.0,4135.0,,,,img/ta/armmine5.png
ta-armmine6,ta,ARMMINE6,Nuclear Mine,,arm,structure,Misc / other,1,other,Nuclear Mine,100,498.0,22272.0,,,,img/ta/armmine6.png
ta-armscorp,ta,ARMSCORP,Scorpion,,arm,structure,Misc / other,1,other,Indigenous Lifeform,1000,0.0,15660.0,,,ARMSCORP_WEAPON,
ta-armtarg,ta,ARMTARG,Targeting Facility,,arm,structure,Misc / other,2,other,Automatic Radar Targeting,1900,15130.0,136058.0,,,,img/ta/armtarg.png
ta-corcom,ta,CORCOM,Commander,,core,commander,Commander,0,commander,Commander,3000,23512.0,35838.0,,,CORCOMLASER | CORE_DISINTEGRATOR,img/ta/corcom.png
ta-cordecom,ta,CORDECOM,Decoy Commander,,core,commander,Commander,0,commander,Decoy Commander,1580,705.0,12085.0,,,CORCOMLASER,img/ta/cordecom.png
ta-coraca,ta,CORACA,Adv. Construction Aircraft,,core,land,Construction units,2,t2_engineer,Tech Level 2,370,231.0,12824.0,,,,img/ta/coraca.png
ta-corack,ta,CORACK,Adv. Construction Kbot,,core,land,Construction units,2,t2_engineer,Tech Level 2,1070,325.0,6096.0,,,,img/ta/corack.png
ta-coracsub,ta,CORACSUB,Advanced Construction Sub,,core,navy,Construction units,2,t2_engineer,Tech Level 2,370,690.0,7911.0,,,,img/ta/coracsub.png
ta-coracv,ta,CORACV,Adv. Construction Vehicle,,core,land,Construction units,2,t2_engineer,Tech Level 2,1220,455.0,4504.0,,,,img/ta/coracv.png
ta-corca,ta,CORCA,Construction Aircraft,,core,land,Construction units,1,t1_engineer,Tech Level 1,290,110.0,4580.0,,,,img/ta/corca.png
ta-corch,ta,CORCH,Construction Hovercraft,,core,land,Construction units,1,t1_engineer,Tech Level 1,740,390.0,4455.0,,,,img/ta/corch.png
ta-corck,ta,CORCK,Construction Kbot,,core,land,Construction units,1,t1_engineer,Tech Level 1,710,130.0,2540.0,,,,img/ta/corck.png
ta-corcs,ta,CORCS,Construction Ship,,core,land,Construction units,1,t1_engineer,Tech Level 1,1150,260.0,2375.0,,,,img/ta/corcs.png
ta-corcsa,ta,CORCSA,Construction Seaplane,,core,air,Construction units,1,t1_engineer,Tech Level 1,180,125.0,5824.0,,,,img/ta/corcsa.png
ta-corcv,ta,CORCV,Construction Vehicle,,core,land,Construction units,1,t1_engineer,Tech Level 1,825,175.0,2145.0,,,,img/ta/corcv.png
ta-cormlv,ta,CORMLV,Spoiler,,core,land,Construction units,1,t1_engineer,Mine Layer Vehicle,1400,187.0,1117.0,,,,img/ta/cormlv.png
ta-coraap,ta,CORAAP,Adv. Aircraft Plant,,core,structure,"Production buildings (plants, labs, shipyards)",2,t2_factory_air,Produces Aircraft,2200,2191.0,4422.0,,,,img/ta/coraap.png
ta-coralab,ta,CORALAB,Adv. Kbot Lab,,core,structure,"Production buildings (plants, labs, shipyards)",2,t2_factory_land,Produces Kbots,3170,1972.0,3625.0,,,,img/ta/coralab.png
ta-corap,ta,CORAP,Aircraft Plant,,core,structure,"Production buildings (plants, labs, shipyards)",1,t1_factory_air,Produces Aircraft,1925,830.0,1340.0,,,,img/ta/corap.png
ta-corasy,ta,CORASY,Adv. Shipyard,,core,structure,"Production buildings (plants, labs, shipyards)",2,t2_factory_naval,Produces Ships,2760,2460.0,2325.0,,,,img/ta/corasy.png
ta-coravp,ta,CORAVP,Adv. Vehicle Plant,,core,structure,"Production buildings (plants, labs, shipyards)",2,t2_factory_land,Produces Vehicles,2580,1947.0,3520.0,,,,img/ta/coravp.png
ta-corgant,ta,CORGANT,Krogoth Gantry,,core,structure,"Production buildings (plants, labs, shipyards)",3,experimental,Builds Krogoth,3050,6587.0,9574.0,,,,img/ta/corgant.png
ta-corhp,ta,CORHP,Hovercraft Platform,,core,structure,"Production buildings (plants, labs, shipyards)",2,t2_factory_land,Builds Hovercraft,3356,1793.0,5421.0,,,,img/ta/corhp.png
ta-corlab,ta,CORLAB,Kbot Lab,,core,structure,"Production buildings (plants, labs, shipyards)",1,t1_factory_land,Produces Kbots,2600,680.0,1250.0,,,,img/ta/corlab.png
ta-corplat,ta,CORPLAT,Seaplane Platform,,core,structure,"Production buildings (plants, labs, shipyards)",2,t2_factory_air,Builds Seaplanes,2000,2305.0,5367.0,,,,img/ta/corplat.png
ta-corsy,ta,CORSY,Shipyard,,core,structure,"Production buildings (plants, labs, shipyards)",1,t1_factory_naval,Produces Ships,2490,600.0,750.0,,,,img/ta/corsy.png
ta-corvp,ta,CORVP,Vehicle Plant,,core,structure,"Production buildings (plants, labs, shipyards)",1,t1_factory_land,Produces Vehicles,2550,600.0,1100.0,,,,img/ta/corvp.png
ta-corbuild,ta,CORBUILD,Hydration Plant,,core,structure,Resource & storage buildings,1,other,Creates Water,1806,220.0,2550.0,,,,
ta-corckfus,ta,CORCKFUS,Cloakable Fusion Reactor,,core,structure,Resource & storage buildings,2,t2_energy,Produces Energy,2450,5321.0,46225.0,,,,img/ta/corckfus.png
ta-cordrag,ta,CORDRAG,Dragon's Teeth,,core,structure,Resource & storage buildings,1,wall,Perimeter Defense,3600,11.0,300.0,,,,img/ta/cordrag.png
ta-corestor,ta,CORESTOR,Energy Storage,,core,structure,Resource & storage buildings,1,t1_energy,Increases Energy Storage,1070,250.0,2490.0,,,,img/ta/corestor.png
ta-corfmkr,ta,CORFMKR,Floating Metal Maker,,core,structure,Resource & storage buildings,1,t1_fab,Floating Metal Maker,120,,1530.0,,,,img/ta/corfmkr.png
ta-corfort,ta,CORFORT,Fortification Wall,,core,structure,Resource & storage buildings,1,wall,Perimeter Defense,1750,23.0,612.0,,,,img/ta/corfort.png
ta-corfus,ta,CORFUS,Fusion Power Plant,,core,structure,Resource & storage buildings,2,t2_energy,Produces Energy,3000,5004.0,37865.0,,,,img/ta/corfus.png
ta-corgeo,ta,CORGEO,Geothermal Powerplant,,core,structure,Resource & storage buildings,2,t2_energy,Produces Energy,930,505.0,9375.0,,,,img/ta/corgeo.png
ta-cormakr,ta,CORMAKR,Metal Maker,,core,structure,Resource & storage buildings,1,t1_fab,Metal Maker,150,0.0,700.0,,,,img/ta/cormakr.png
ta-cormex,ta,CORMEX,Metal Extractor,,core,structure,Resource & storage buildings,1,t1_mex,Extracts Metal,175,51.0,514.0,,,,img/ta/cormex.png
ta-cormmkr,ta,CORMMKR,Moho Metal Maker,,core,structure,Resource & storage buildings,2,t2_fab,Produces Metal,500,51.0,10928.0,,,,img/ta/cormmkr.png
ta-cormoho,ta,CORMOHO,Moho Mine,,core,structure,Resource & storage buildings,2,t2_mex,Advanced Metal Extractor,1465,1450.0,9121.0,,,,img/ta/cormoho.png
ta-cormstor,ta,CORMSTOR,Metal Storage,,core,structure,Resource & storage buildings,1,t1_mex,Increases Metal Storage,1306,320.0,550.0,,,,img/ta/cormstor.png
ta-corsolar,ta,CORSOLAR,Solar Collector,,core,structure,Resource & storage buildings,1,t1_energy,Produces Energy,320,141.0,790.0,,,,img/ta/corsolar.png
ta-cortide,ta,CORTIDE,Tidal Generator,,core,structure,Resource & storage buildings,1,t1_energy,Produces Energy,253,81.0,752.0,,,,img/ta/cortide.png
ta-coruwes,ta,CORUWES,Underwater Energy Storage,,core,structure,Resource & storage buildings,1,t1_energy,Increases Energy Storage,1521,280.0,2540.0,,,,img/ta/coruwes.png
ta-coruwfus,ta,CORUWFUS,Underwater Fusion Plant,,core,structure,Resource & storage buildings,2,t2_energy,Produces Energy,1425,7210.0,57349.0,,,,img/ta/coruwfus.png
ta-coruwmex,ta,CORUWMEX,Underwater Metal Extractor,,core,structure,Resource & storage buildings,1,t1_mex,Extracts Metal,355,125.0,2219.0,,,,img/ta/coruwmex.png
ta-coruwms,ta,CORUWMS,Underwater Metal Storage,,core,structure,Resource & storage buildings,1,t1_mex,Increases Metal Storage,1750,350.0,1523.0,,,,img/ta/coruwms.png
ta-corwin,ta,CORWIN,Wind Generator,,core,structure,Resource & storage buildings,1,t1_energy,Produces Energy,179,55.0,523.0,,,,img/ta/corwin.png
ta-coratl,ta,CORATL,Advanced Torpedo Launcher,,core,structure,"Defensive structures (turrets, anti-nuke, big-bertha)",2,other,Advanced Torpedo Launcher,562,1758.0,5389.0,,,CORATL_TORPEDO,img/ta/coratl.png
ta-corbuzz,ta,CORBUZZ,Buzzsaw,,core,structure,"Defensive structures (turrets, anti-nuke, big-bertha)",3,experimental,Rapid Fire Plasma Cannon,1700,35264.0,462648.0,,,CORBUZZ_WEAPON,img/ta/corbuzz.png
ta-cordoom,ta,CORDOOM,Doomsday Machine,,core,structure,"Defensive structures (turrets, anti-nuke, big-bertha)",3,t3_arty_static,Energy Weapon,3140,2140.0,14245.0,,,CORE_DOOMSDAY | CORE_LIGHTLASER | CORE_LASERH1,img/ta/cordoom.png
ta-corfdrag,ta,CORFDRAG,Floating Dragon's Teeth,,core,structure,"Defensive structures (turrets, anti-nuke, big-bertha)",1,wall,Floating Dragon's Teeth,3800,18.0,630.0,,,,img/ta/corfdrag.png
ta-corfhlt,ta,CORFHLT,Thunderbolt,,core,structure,"Defensive structures (turrets, anti-nuke, big-bertha)",2,t2_pd,Floating Heavy Laser Tower,1385,558.0,5812.0,,,CORFHLT_LASER,img/ta/corfhlt.png
ta-corflak,ta,CORFLAK,Cobra,,core,structure,"Defensive structures (turrets, anti-nuke, big-bertha)",2,t2_flak,Anti-Air Flak Gun,1655,1092.0,18995.0,,,CORFLAK_GUN,img/ta/corflak.png
ta-corfmd,ta,CORFMD,Fortitude Missile Defense,,core,structure,"Defensive structures (turrets, anti-nuke, big-bertha)",2,antinuke,Anti Missile Defense System,780,1508.0,92321.0,,,FMD_ROCKET,img/ta/corfmd.png
ta-corhlt,ta,CORHLT,Gaat Gun,,core,structure,"Defensive structures (turrets, anti-nuke, big-bertha)",2,t2_pd,Heavy Laser Tower,1200,589.0,5443.0,,,CORE_LASERH1,img/ta/corhlt.png
ta-corint,ta,CORINT,Intimidator,,core,structure,"Defensive structures (turrets, anti-nuke, big-bertha)",3,t3_arty_static,Long Range Plasma Cannon,1900,4328.0,62520.0,,,CORE_INTIMIDATOR,img/ta/corint.png
ta-corllt,ta,CORLLT,Light Laser Tower,,core,structure,"Defensive structures (turrets, anti-nuke, big-bertha)",1,t1_pd,Light Laser Tower,710,268.0,2608.0,,,CORE_LIGHTLASER,img/ta/corllt.png
ta-cormart,ta,CORMART,Mobile Artillery,,core,structure,"Defensive structures (turrets, anti-nuke, big-bertha)",2,t3_arty,Mobile Artillery,600,251.0,1535.0,,,CORE_ARTILLERY,img/ta/cormart.png
ta-corplas,ta,CORPLAS,Immolator; //c,,core,structure,"Defensive structures (turrets, anti-nuke, big-bertha)",2,other,Plasma Tower,842,321.0,,,,CORPLAS_WEAPON,img/ta/corplas.png
ta-corpun,ta,CORPUN,Punisher,,core,structure,"Defensive structures (turrets, anti-nuke, big-bertha)",2,t2_arty,Plasma Battery,2540,1887.0,7585.0,,,CORFIXED_GUN,img/ta/corpun.png
ta-corrl,ta,CORRL,Pulverizer,,core,structure,"Defensive structures (turrets, anti-nuke, big-bertha)",1,t1_aa_turret,Missile Tower,300,76.0,805.0,,,CORRL_MISSILE,img/ta/corrl.png
ta-corsilo,ta,CORSILO,Silencer,,core,structure,"Defensive structures (turrets, anti-nuke, big-bertha)",1,nuke,Nuclear Missile Launcher,2560,975.0,48768.0,,,CRBLMSSL,img/ta/corsilo.png
ta-cortl,ta,CORTL,Torpedo Launcher,,core,structure,"Defensive structures (turrets, anti-nuke, big-bertha)",1,other,Torpedo Launcher,1520,831.0,3058.0,,,COAX_TORPEDO,img/ta/cortl.png
ta-cortoast,ta,CORTOAST,Toaster,,core,structure,"Defensive structures (turrets, anti-nuke, big-bertha)",2,t2_arty,Pop-up Heavy Cannon,1877,2146.0,12687.0,,,CORTOAST_GUN,img/ta/cortoast.png
ta-corvipe,ta,CORVIPE,Viper,,core,structure,"Defensive structures (turrets, anti-nuke, big-bertha)",2,other,Pop-Up Heavy Laser,988,642.0,6687.0,,,CORVIPE_LASER,img/ta/corvipe.png
ta-corarad,ta,CORARAD,Advanced Radar Tower,,core,structure,"Sensors & jammers (radar, sonar)",2,other,Long Range Radar,130,122.0,1920.0,,,,img/ta/corarad.png
ta-corason,ta,CORASON,Advanced Sonar Station,,core,structure,"Sensors & jammers (radar, sonar)",2,other,Locates Water Units,240,152.0,2257.0,,,,img/ta/corason.png
ta-corrad,ta,CORRAD,Radar Tower,,core,structure,"Sensors & jammers (radar, sonar)",1,t1_radar,Radar Tower,51,50.0,800.0,,,,img/ta/corrad.png
ta-corsjam,ta,CORSJAM,Phantom,,core,structure,"Sensors & jammers (radar, sonar)",1,other,Radar Jammer Ship,570,135.0,2254.0,,,,img/ta/corsjam.png
ta-corsonar,ta,CORSONAR,Sonar Station,,core,structure,"Sensors & jammers (radar, sonar)",1,t1_radar,Sonar Station,52,20.0,399.0,,,,img/ta/corsonar.png
ta-corvrad,ta,CORVRAD,Informer,,core,structure,"Sensors & jammers (radar, sonar)",2,other,Mobile Radar,510,86.0,1209.0,,,,img/ta/corvrad.png
ta-corape,ta,CORAPE,Rapier,,core,air,"Aircraft (VTOL, bombers, fighters)",2,t2_gunship,Gunship,940,294.0,5778.0,,,VTOL_ROCKET | VTOL_ROCKET2,img/ta/corape.png
ta-corawac,ta,CORAWAC,Vulture,,core,air,"Aircraft (VTOL, bombers, fighters)",2,other,Radar Plane,170,169.0,7824.0,,,,img/ta/corawac.png
ta-corfink,ta,CORFINK,Fink,,core,air,"Aircraft (VTOL, bombers, fighters)",1,t1_air_scout,Air Scout,90,36.0,1369.0,,,,img/ta/corfink.png
ta-corhunt,ta,CORHUNT,Hunter,,core,air,"Aircraft (VTOL, bombers, fighters)",1,other,Airborne Sonar,495,142.0,7421.0,,,,img/ta/corhunt.png
ta-corhurc,ta,CORHURC,Hurricane,,core,air,"Aircraft (VTOL, bombers, fighters)",2,t2_bomber,Strategic Bomber,480,220.0,8050.0,,,CORADVBOMB | CORAIR2AIRLASER,img/ta/corhurc.png
ta-corseap,ta,CORSEAP,Typhoon,,core,air,"Aircraft (VTOL, bombers, fighters)",1,other,Torpedo Seaplane,210,545.0,9785.0,,,CORSEAP_WEAPON1 | CORSEAP_WEAPON2 | CORSEAP_WEAPON3,img/ta/corseap.png
ta-corsfig,ta,CORSFIG,Voodoo,,core,air,"Aircraft (VTOL, bombers, fighters)",1,other,Seaplane Fighter,159,182.0,6524.0,,,CORSFIG_WEAPON | CORSFIG_WEAPON2,img/ta/corsfig.png
ta-corshad,ta,CORSHAD,Shadow,,core,air,"Aircraft (VTOL, bombers, fighters)",1,t1_bomber,Bomber,315,131.0,5691.0,,,CORBOMB,img/ta/corshad.png
ta-cortitan,ta,CORTITAN,Titan,,core,air,"Aircraft (VTOL, bombers, fighters)",2,other,Torpedo Bomber,375,364.0,6588.0,,,CORAIR_TORPEDO,img/ta/cortitan.png
ta-corvalk,ta,CORVALK,Valkyrie,,core,air,"Aircraft (VTOL, bombers, fighters)",1,t1_transport,Air Transport,160,115.0,2695.0,,,,img/ta/corvalk.png
ta-corvamp,ta,CORVAMP,Vamp,,core,air,"Aircraft (VTOL, bombers, fighters)",2,t2_fighter,Stealth Fighter,490,257.0,6973.0,,,CORVTOL_ADVMISSILE | CORVTOL_ADVMISSILE2,img/ta/corvamp.png
ta-corveng,ta,CORVENG,Avenger,,core,air,"Aircraft (VTOL, bombers, fighters)",1,t1_interceptor,Fighter,202,101.0,3181.0,,,CORVTOL_MISSILE,img/ta/corveng.png
ta-corarch,ta,CORARCH,Shredder,,core,navy,Ships (surface),2,other,Anti-Air Ship,2450,1314.0,17921.0,,,CORARCH_WEAPON1 | CORARCH_WEAPON2 | CORARCH_WEAPON3,img/ta/corarch.png
ta-corbats,ta,CORBATS,Warlord,,core,navy,Ships (surface),2,t3_battleship,Battleship,6140,4181.0,19741.0,,,CORE_BATSLASER | COR_BATS,img/ta/corbats.png
ta-corcarry,ta,CORCARRY,Hive,,core,navy,Ships (surface),2,other,Light Carrier,3500,1379.0,11715.0,,,,img/ta/corcarry.png
ta-corcrus,ta,CORCRUS,Executioner,,core,navy,Ships (surface),2,t2_cruiser,Cruiser,4170,1724.0,8551.0,,,COR_CRUS | COREDEPTHCHARGE,img/ta/corcrus.png
ta-cormship,ta,CORMSHIP,Missile Frigate,,core,navy,Ships (surface),2,other,Missile Ship,1250,2283.0,7628.0,,,CORMSHIP_ROCKET | CORSHIP_MISSILE,img/ta/cormship.png
ta-corpt,ta,CORPT,Searcher,,core,navy,Ships (surface),1,t1_frigate,Scout Ship,570,95.0,917.0,,,COREPT_LASER | CORKBOT_MISSILE,img/ta/corpt.png
ta-corroy,ta,CORROY,Enforcer,,core,navy,Ships (surface),1,t2_destroyer,Destroyer,3150,887.0,4505.0,,,CORE_ROY | COREDEPTHCHARGE,img/ta/corroy.png
ta-corshark,ta,CORSHARK,Shark,,core,navy,Ships (surface),2,other,Submarine Killer,276,1356.0,5245.0,,,CORSMART_TORPEDO,img/ta/corshark.png
ta-corss,ta,CORSS,Sea Serpent,,core,navy,Ships (surface),1,other,Indigenous Lifeform,420,0.0,4385.0,,,FLAMETHROWER,
ta-corssub,ta,CORSSUB,Leviathan,,core,navy,Ships (surface),2,other,Battle Sub,3052,3850.0,19940.0,,,CORSSUB_WEAPON,img/ta/corssub.png
ta-corsub,ta,CORSUB,Snake,,core,navy,Ships (surface),1,t1_sub,Submarine,590,1199.0,3902.0,,,CORE_TORPEDO,img/ta/corsub.png
ta-corthovr,ta,CORTHOVR,Turtle,,core,navy,Ships (surface),2,other,Transport Hovercraft,1080,650.0,7541.0,,,,img/ta/corthovr.png
ta-cortship,ta,CORTSHIP,Envoy,,core,navy,Ships (surface),1,other,Transport Ship,2120,887.0,4786.0,,,,img/ta/cortship.png
ta-corak,ta,CORAK,A.K.,,core,land,Kbots (bipedal walkers),1,t1_light_bot,Infantry Kbot,265,56.0,696.0,,,CORE_LASER,img/ta/corak.png
ta-coramph,ta,CORAMPH,Gimp,,core,land,Kbots (bipedal walkers),2,t2_amphib,Amphibious Kbot,1150,324.0,2935.0,,,CORAMPH_WEAPON1 | CORAMPH_WEAPON2,img/ta/coramph.png
ta-corcan,ta,CORCAN,The Can,,core,land,Kbots (bipedal walkers),2,t2_tank,Armored Assault Kbot,2800,420.0,3500.0,,,CORE_CANLASER,img/ta/corcan.png
ta-corcrash,ta,CORCRASH,Crasher,,core,land,Kbots (bipedal walkers),1,t1_aa,Missile Kbot,480,129.0,1224.0,,,CORKBOT_MISSILE,img/ta/corcrash.png
ta-corfast,ta,CORFAST,Freaker,,core,land,Kbots (bipedal walkers),2,other,Fast Attack Kbot,630,175.0,2658.0,,,CORFAST_WEAPON,img/ta/corfast.png
ta-corhrk,ta,CORHRK,Dominator,,core,land,Kbots (bipedal walkers),2,t2_mml,Heavy Rocket Kbot,620,388.0,2107.0,,,CORHRK_ROCKET,img/ta/corhrk.png
ta-corkrog,ta,CORKROG,Krogoth,,core,land,Kbots (bipedal walkers),3,experimental,Experimental Kbot,29918,29489.0,116664.0,,,CORKROG_FIRE | CORKROG_HEAD | CORKROG_ROCKET,img/ta/corkrog.png
ta-cormort,ta,CORMORT,Morty,,core,land,Kbots (bipedal walkers),2,t3_arty,Mobile Mortar Kbot,920,321.0,2865.0,,,CORE_MORT,img/ta/cormort.png
ta-cornecro,ta,CORNECRO,Resurrection Kbot,,core,land,Kbots (bipedal walkers),2,other,Resurrection Kbot,470,376.0,10164.0,,,,img/ta/cornecro.png
ta-corpyro,ta,CORPYRO,Pyro,,core,land,Kbots (bipedal walkers),2,t2_tank,Assault Kbot,700,260.0,2200.0,,,FLAMETHROWER,img/ta/corpyro.png
ta-corroach,ta,CORROACH,Roach,,core,land,Kbots (bipedal walkers),2,other,Crawling Bomb,195,65.0,5471.0,,,,img/ta/corroach.png
ta-corspec,ta,CORSPEC,Spectre,,core,land,Kbots (bipedal walkers),2,other,Radar Jammer,310,70.0,1453.0,,,,img/ta/corspec.png
ta-corspy,ta,CORSPY,Parasite,,core,land,Kbots (bipedal walkers),2,other,SPY Kbot,340,156.0,13452.0,,,,img/ta/corspy.png
ta-corstorm,ta,CORSTORM,Storm,,core,land,Kbots (bipedal walkers),1,t1_arty,Rocket Kbot,620,118.0,985.0,,,CORKBOT_ROCKET,img/ta/corstorm.png
ta-corsumo,ta,CORSUMO,Sumo,,core,land,Kbots (bipedal walkers),2,t2_tank,Adv. Armored Assault Kbot,4950,844.0,5987.0,,,CORSUMO_WEAPON,img/ta/corsumo.png
ta-corthud,ta,CORTHUD,Thud,,core,land,Kbots (bipedal walkers),1,t1_arty,Artillery Kbot,800,147.0,1161.0,,,CORE_THUD,img/ta/corthud.png
ta-corvoyr,ta,CORVOYR,Voyeur,,core,land,Kbots (bipedal walkers),2,other,Mobile Radar Kbot,350,93.0,1283.0,,,,img/ta/corvoyr.png
ta-corah,ta,CORAH,Slinger,,core,land,"Vehicles (tanks, hovercraft, jeeps)",2,other,Anti-Air Hovercraft,395,115.0,1542.0,,,CORAH_WEAPON,img/ta/corah.png
ta-coreter,ta,CORETER,Deleter,,core,land,"Vehicles (tanks, hovercraft, jeeps)",2,other,Mobile Radar Jammer,520,100.0,1757.0,,,,img/ta/coreter.png
ta-corfav,ta,CORFAV,Weasel,,core,land,"Vehicles (tanks, hovercraft, jeeps)",1,t1_land_scout,Scout,84,38.0,575.0,,,CORE_LASER,img/ta/corfav.png
ta-corgator,ta,CORGATOR,Instigator,,core,land,"Vehicles (tanks, hovercraft, jeeps)",1,t1_tank,Assault Tank,653,110.0,887.0,,,GATOR_LASER,img/ta/corgator.png
ta-corgol,ta,CORGOL,Goliath,,core,land,"Vehicles (tanks, hovercraft, jeeps)",2,t2_tank,Very Heavy Assault Tank,2845,697.0,3906.0,,,COR_GOL,img/ta/corgol.png
ta-corlevlr,ta,CORLEVLR,Leveler,,core,land,"Vehicles (tanks, hovercraft, jeeps)",2,other,Riot Tank,375,292.0,1887.0,,,CORLEVLR_WEAPON,img/ta/corlevlr.png
ta-cormabm,ta,CORMABM,Hedgehog,,core,land,"Vehicles (tanks, hovercraft, jeeps)",2,antinuke,Mobile Missile Defense,780,1508.0,92321.0,,,CORMABM_WEAPON,img/ta/cormabm.png
ta-cormh,ta,CORMH,Nixer,,core,land,"Vehicles (tanks, hovercraft, jeeps)",2,other,Hovercraft Rocket Launcher,460,318.0,3352.0,,,CORMH_WEAPON,img/ta/cormh.png
ta-cormist,ta,CORMIST,Slasher,,core,land,"Vehicles (tanks, hovercraft, jeeps)",1,t1_aa,Missile Launcher,655,116.0,947.0,,,CORTRUCK_MISSILE,img/ta/cormist.png
ta-corraid,ta,CORRAID,Raider,,core,land,"Vehicles (tanks, hovercraft, jeeps)",1,t1_tank,Medium Assault Tank,1058,169.0,1241.0,,,CORE_LIGHTCANNON,img/ta/corraid.png
ta-correap,ta,CORREAP,Reaper,,core,land,"Vehicles (tanks, hovercraft, jeeps)",2,t2_tank,Heavy Assault Tank,2014,473.0,3048.0,,,CORE_REAP,img/ta/correap.png
ta-corscorp,ta,CORSCORP,Scorpion,,core,land,"Vehicles (tanks, hovercraft, jeeps)",1,other,Indigenous Lifeform,1000,0.0,15660.0,,,CORSCORP_WEAPON,img/ta/corscorp.png
ta-corseal,ta,CORSEAL,Crock,,core,land,"Vehicles (tanks, hovercraft, jeeps)",2,t2_amphib,Amphibious Tank,1144,295.0,2310.0,,,CORE_MEDIUMCANNON,img/ta/corseal.png
ta-corsent,ta,CORSENT,Copperhead,,core,land,"Vehicles (tanks, hovercraft, jeeps)",2,t2_flak,Mobile Flak Vehicle,685,886.0,12487.0,,,CORSENT_GUN,img/ta/corsent.png
ta-corsh,ta,CORSH,Scrubber,,core,land,"Vehicles (tanks, hovercraft, jeeps)",1,other,Scout Hovercraft,200,72.0,1252.0,,,CORSH_WEAPON,img/ta/corsh.png
ta-corsnap,ta,CORSNAP,Snapper,,core,land,"Vehicles (tanks, hovercraft, jeeps)",2,other,Hovertank,850,280.0,3069.0,,,CORSNAP_WEAPON,img/ta/corsnap.png
ta-cortruck,ta,CORTRUCK,Truck,,core,land,"Vehicles (tanks, hovercraft, jeeps)",1,other,Ground Transport,3284,218.0,875.0,,,,
ta-corvroc,ta,CORVROC,Diplomat,,core,land,"Vehicles (tanks, hovercraft, jeeps)",2,t2_mml,Mobile Rocket Launcher,602,427.0,2470.0,,,CORTRUCK_ROCKET,img/ta/corvroc.png
ta-corasp,ta,CORASP,Air Repair Pad,,core,structure,Misc / other,2,other,Automatically repairs aircraft,690,430.0,8540.0,,,,img/ta/corasp.png
ta-corbeac,ta,CORBEAC,Alien Beacon,,core,structure,Misc / other,1,other,Alien Beacon,11000,5214.0,423100.0,,,,img/ta/corbeac.png
ta-cordev1,ta,CORDEV1,Implosion Device,,core,structure,Misc / other,1,other,Implosion Device,4110,8545.0,132500.0,,,,img/ta/cordev1.png
ta-corfrt,ta,CORFRT,Stinger,,core,navy,Misc / other,1,t1_aa_turret,Missile Tower - Naval Series,290,72.0,1054.0,,,CORFRT_MISSILE,img/ta/corfrt.png
ta-corgate,ta,CORGATE,Galactic Gate,,core,structure,Misc / other,1,other,Space Teleporter,2469,197485.0,1982431.0,,,,img/ta/corgate.png
ta-cormine1,ta,CORMINE1,M-104,,core,structure,Misc / other,1,other,"Low Damage, Med. Range Mine",200,20.0,532.0,,,,img/ta/cormine1.png
ta-cormine2,ta,CORMINE2,M-209,,core,structure,Misc / other,1,other,"Low Damage, Large Range Mine",200,48.0,1156.0,,,,img/ta/cormine2.png
ta-cormine3,ta,CORMINE3,M-303,,core,structure,Misc / other,1,other,"Med. Damage, Med. Range Mine",200,73.0,1704.0,,,,img/ta/cormine3.png
ta-cormine4,ta,CORMINE4,M-420,,core,structure,Misc / other,1,other,"High Damage, Med. Range Mine",200,104.0,2342.0,,,,img/ta/cormine4.png
ta-cormine5,ta,CORMINE5,M-515,,core,structure,Misc / other,1,other,"High Damage, Large Range Mine",200,264.0,7607.0,,,,img/ta/cormine5.png
ta-cormine6,ta,CORMINE6,M-610,,core,structure,Misc / other,1,other,Nuclear Mine,200,595.0,26172.0,,,,img/ta/cormine6.png
ta-cortarg,ta,CORTARG,Targeting Facility,,core,structure,Misc / other,2,other,Automatic Radar Targeting,1800,14982.0,141148.0,,,,img/ta/cortarg.png
ta-cortron,ta,CORTRON,Neutron,,core,structure,Misc / other,2,other,Neutron Missile Launcher,2100,1708.0,52134.0,,,CORTRON_WEAPON,img/ta/cortron.png
sc-daa0206,sc,DAA0206,Mercy,Guided Missile,aeon,air,Guided Missile,2,t2_bomber,Guided Missile,10,270,8850,1600,13,Kamikaze,img/sc/daa0206.png
sc-dal0310,sc,DAL0310,Absolver,Shield Disruptor,aeon,land,Shield Disruptor,3,t3_assault,Shield Disruptor,800,420,4800,3600,3.5,Shield Disruptor Cannon,img/sc/dal0310.png
sc-dalk003,sc,DALK003,Redeemer,Mobile Missile Anti-Air,aeon,land,Mobile Missile Anti-Air,3,t2_flak,Mobile Missile Anti-Air,1700,600,7500,3000,3.3,AA Serpentine,img/sc/dalk003.png
sc-dea0202,sc,DEA0202,Janus,Fighter/Bomber,uef,air,Fighter/Bomber,2,t2_bomber,Fighter/Bomber,1200,360,12600,2800,15,Linked Railgun | Linked Railgun | Napalm Carpet Bomb,img/sc/dea0202.png
sc-del0204,sc,DEL0204,Mongoose,Gatling Bot,uef,land,Gatling Bot,2,t2_tank,Gatling Bot,650,200,1000,1000,2.9,Gatling Plasma Cannon | Heavy Fragmentation Grenade Launcher,img/sc/del0204.png
sc-delk002,sc,DELK002,Cougar,Mobile Rapid-fire AA Cannon,uef,land,Mobile Rapid-fire AA Cannon,3,t2_flak,Mobile Rapid-fire AA Cannon,1900,600,7500,3000,3.5,Gatling Plasma Cannon,img/sc/delk002.png
sc-dra0202,sc,DRA0202,Corsair,Fighter/Bomber,cybran,air,Fighter/Bomber,2,t2_bomber,Fighter/Bomber,1100,420,8400,2400,15,Nanite Missile System | Corsair Missile Launcher,img/sc/dra0202.png
sc-drl0204,sc,DRL0204,Hoplite,Rocket Bot,cybran,land,Rocket Bot,2,t2_mml,Rocket Bot,550,200,1000,1000,3.4,Iridium Rocket Pack,img/sc/drl0204.png
sc-drlk001,sc,DRLK001,Bouncer,Mobile Missile Anti-Air,cybran,land,Mobile Missile Anti-Air,3,t2_flak,Mobile Missile Anti-Air,1900,600,7500,3000,3.6,Targeting Laser | Nanodart Surface Launcher | Nanodart Launcher,img/sc/drlk001.png
sc-drlk005,sc,DRLK005,Crab Egg (Bouncer),,cybran,structure,Crab Egg (Bouncer),3,t2_factory_land,Crab Egg (Bouncer),10,600,7500,1500,,,img/sc/drlk005.png
sc-dslk004,sc,DSLK004,Uyanah,Lightning Tank,seraphim,land,Lightning Tank,3,t2_flak,Lightning Tank,1800,720,9600,3600,3.4,Lightning Surface Projector | Lightning Projector,img/sc/dslk004.png
sc-uaa0101,sc,UAA0101,Mirage,Air Scout,aeon,air,Air Scout,1,t1_air_scout,Air Scout,25,40,580,200,19,,img/sc/uaa0101.png
sc-uaa0102,sc,UAA0102,Conservator,Interceptor,aeon,air,Interceptor,1,t1_interceptor,Interceptor,285,50,2250,500,15,Sonic Pulse Battery | Sonic Pulse Battery,img/sc/uaa0102.png
sc-uaa0103,sc,UAA0103,Shimmer,Attack Bomber,aeon,air,Attack Bomber,1,t1_bomber,Attack Bomber,205,90,2050,500,10,Graviton Bomb,img/sc/uaa0103.png
sc-uaa0104,sc,UAA0104,Aluminar,Air Transport,aeon,air,Air Transport,2,t1_transport,Air Transport,1575,330,13200,2640,14.5,Sonic Pulse Battery | Sonic Pulse Battery | Sonic Pulse Battery | Sonic Pulse Battery | Weapon Guidance System,img/sc/uaa0104.png
sc-uaa0107,sc,UAA0107,Chariot,Light Air Transport,aeon,air,Light Air Transport,1,t1_transport,Light Air Transport,500,120,4800,800,10.75,Weapon Guidance System,img/sc/uaa0107.png
sc-uaa0203,sc,UAA0203,Specter,Gunship,aeon,air,Gunship,2,t2_gunship,Gunship,848,270,5400,1800,12,Oblivion Cannon,img/sc/uaa0203.png
sc-uaa0204,sc,UAA0204,Skimmer,Torpedo Bomber,aeon,air,Torpedo Bomber,2,t2_bomber,Torpedo Bomber,820,270,8000,1600,15,Harmonic Torpedo,img/sc/uaa0204.png
sc-uaa0302,sc,UAA0302,Seer,Spy Plane,aeon,air,Spy Plane,3,t1_air_scout,Spy Plane,1050,195,7500,900,27,,img/sc/uaa0302.png
sc-uaa0303,sc,UAA0303,Corona,Air Superiority Fighter,aeon,air,Air Superiority Fighter,3,t3_asf,Air Superiority Fighter,2250,450,51200,3840,22,Displacement Cannon,img/sc/uaa0303.png
sc-uaa0304,sc,UAA0304,Shocker,Strategic Bomber,aeon,air,Strategic Bomber,3,t3_strat_bomber,Strategic Bomber,3800,1750,180000,12000,17,Quark Bomb,img/sc/uaa0304.png
sc-uaa0310,sc,UAA0310,CZAR,Experimental Aircraft Carrier,aeon,air,Experimental Aircraft Carrier,4,experimental,Experimental Aircraft Carrier,40000,42750,1453500,48094,8,Quantum Beam Generator | Zealot AA Missile | Zealot AA Missile | Zealot AA Missile | Zealot AA Missile | Harmonic Depth Charge | Harmonic Depth Charge | Fizz Launcher | Fizz Launcher,img/sc/uaa0310.png
sc-uab0101,sc,UAB0101,Land Factory,,aeon,structure,Land Factory,1,t1_factory_land,Land Factory,3200,240,2100,300,,,img/sc/uab0101.png
sc-uab0102,sc,UAB0102,Air Factory,,aeon,structure,Air Factory,1,t1_factory_air,Air Factory,3200,210,2400,300,,,img/sc/uab0102.png
sc-uab0103,sc,UAB0103,Naval Factory,,aeon,structure,Naval Factory,1,t1_factory_naval,Naval Factory,3700,300,1500,300,,,img/sc/uab0103.png
sc-uab0201,sc,UAB0201,Land Factory HQ,,aeon,structure,Land Factory HQ,2,t2_factory_land,Land Factory HQ,6600,1410,11200,2300,,,img/sc/uab0201.png
sc-uab0202,sc,UAB0202,Air Factory HQ,,aeon,structure,Air Factory HQ,2,t2_factory_air,Air Factory HQ,6600,920,18000,2300,,,img/sc/uab0202.png
sc-uab0203,sc,UAB0203,Naval Factory HQ,,aeon,structure,Naval Factory HQ,2,t2_factory_naval,Naval Factory HQ,12800,2000,10000,3200,,,img/sc/uab0203.png
sc-uab0301,sc,UAB0301,Land Factory HQ,,aeon,structure,Land Factory HQ,3,t2_factory_land,Land Factory HQ,12800,5220,47400,12000,,,img/sc/uab0301.png
sc-uab0302,sc,UAB0302,Air Factory HQ,,aeon,structure,Air Factory HQ,3,t2_factory_air,Air Factory HQ,12800,4090,99400,12000,,,img/sc/uab0302.png
sc-uab0303,sc,UAB0303,Naval Factory HQ,,aeon,structure,Naval Factory HQ,3,t2_factory_naval,Naval Factory HQ,21000,9500,45000,21600,,,img/sc/uab0303.png
sc-uab0304,sc,UAB0304,Portal,Quantum Gateway,aeon,structure,Quantum Gateway,3,other,Quantum Gateway,10000,3000,30000,4097,,,img/sc/uab0304.png
sc-uab1101,sc,UAB1101,Power Generator,,aeon,structure,Power Generator,1,t1_energy,Power Generator,525,75,750,125,,,img/sc/uab1101.png
sc-uab1102,sc,UAB1102,Hydrocarbon Power Plant,,aeon,structure,Hydrocarbon Power Plant,1,t1_energy,Hydrocarbon Power Plant,1600,160,800,400,,,img/sc/uab1102.png
sc-uab1103,sc,UAB1103,Mass Extractor,,aeon,structure,Mass Extractor,1,t1_mex,Mass Extractor,370,36,360,60,,,img/sc/uab1103.png
sc-uab1104,sc,UAB1104,Mass Fabricator,,aeon,structure,Mass Fabricator,2,t1_fab,Mass Fabricator,360,200,4000,500,,,img/sc/uab1104.png
sc-uab1105,sc,UAB1105,Energy Storage,,aeon,structure,Energy Storage,1,other,Energy Storage,500,250,1200,200,,,img/sc/uab1105.png
sc-uab1106,sc,UAB1106,Mass Storage,,aeon,structure,Mass Storage,1,other,Mass Storage,650,200,1500,250,,,img/sc/uab1106.png
sc-uab1201,sc,UAB1201,Power Generator,,aeon,structure,Power Generator,2,t2_energy,Power Generator,2300,1200,12000,2198,,,img/sc/uab1201.png
sc-uab1202,sc,UAB1202,Mass Extractor,,aeon,structure,Mass Extractor,2,t2_mex,Mass Extractor,1900,900,5400,900,,,img/sc/uab1202.png
sc-uab1301,sc,UAB1301,Quantum Reactor,Power Generator,aeon,structure,Power Generator,3,t3_energy,Power Generator,6200,3240,57600,6824,,,img/sc/uab1301.png
sc-uab1302,sc,UAB1302,Mass Extractor,,aeon,structure,Mass Extractor,3,t2_mex,Mass Extractor,6500,4600,31625,2875,,,img/sc/uab1302.png
sc-uab1303,sc,UAB1303,Mass Fabricator,,aeon,structure,Mass Fabricator,3,t1_fab,Mass Fabricator,6000,4000,120000,5000,,,img/sc/uab1303.png
sc-uab2101,sc,UAB2101,Erupter,Point Defense,aeon,structure,Point Defense,1,t1_pd,Point Defense,1300,250,2000,250,,Graviton Projector,img/sc/uab2101.png
sc-uab2104,sc,UAB2104,Seeker,Anti-Air Turret,aeon,structure,Anti-Air Turret,1,t1_aa_turret,Anti-Air Turret,800,150,1500,188,,Sonic Pulse Battery,img/sc/uab2104.png
sc-uab2108,sc,UAB2108,Serpentine,Tactical Missile Launcher,aeon,structure,Tactical Missile Launcher,2,tml,Tactical Missile Launcher,900,700,3500,700,,Serpentine Missile,img/sc/uab2108.png
sc-uab2109,sc,UAB2109,Tide,Torpedo Launcher,aeon,structure,Torpedo Launcher,1,other,Torpedo Launcher,1625,450,3600,450,,Chrono Torpedo,img/sc/uab2109.png
sc-uab2204,sc,UAB2204,Marr,Anti-Air Flak Artillery,aeon,structure,Anti-Air Flak Artillery,2,t2_flak,Anti-Air Flak Artillery,2450,400,4000,540,,Fizz Launcher,img/sc/uab2204.png
sc-uab2205,sc,UAB2205,Wave Break,Torpedo Launcher,aeon,structure,Torpedo Launcher,2,other,Torpedo Launcher,6100,1080,9000,1446,,Chrono Torpedo,img/sc/uab2205.png
sc-uab2301,sc,UAB2301,Oblivion,Point Defense,aeon,structure,Point Defense,2,t2_pd,Point Defense,2000,540,3780,675,,Oblivion Cannon,img/sc/uab2301.png
sc-uab2302,sc,UAB2302,Emissary,Heavy Artillery Installation,aeon,structure,Heavy Artillery Installation,3,t3_arty_static,Heavy Artillery Installation,12000,79000,1481000,129500,,Sonance Artillery,img/sc/uab2302.png
sc-uab2303,sc,UAB2303,Miasma,Artillery Installation,aeon,structure,Artillery Installation,2,t2_arty,Artillery Installation,2200,2080,14872,1600,,Miasma Artillery,img/sc/uab2303.png
sc-uab2304,sc,UAB2304,Transcender,Anti-Air SAM Launcher,aeon,structure,Anti-Air SAM Launcher,3,t2_flak,Anti-Air SAM Launcher,5000,800,8000,1400,,Zealot AA Missile,img/sc/uab2304.png
sc-uab2305,sc,UAB2305,Apocalypse,Strategic Missile Launcher,aeon,structure,Strategic Missile Launcher,3,nuke,Strategic Missile Launcher,4000,16500,412500,25000,,Quantum Warhead,img/sc/uab2305.png
sc-uab3101,sc,UAB3101,Radar System,,aeon,structure,Radar System,1,t1_radar,Radar System,10,80,720,80,,,img/sc/uab3101.png
sc-uab3102,sc,UAB3102,Sonar System,,aeon,structure,Sonar System,1,t1_radar,Sonar System,400,150,1250,125,,,img/sc/uab3102.png
sc-uab3104,sc,UAB3104,Oculus,Omni Sensor Array,aeon,structure,Omni Sensor Array,3,t1_radar,Omni Sensor Array,100,2400,30000,2400,,,img/sc/uab3104.png
sc-uab3201,sc,UAB3201,Radar System,,aeon,structure,Radar System,2,t1_radar,Radar System,50,180,3600,780,,,img/sc/uab3201.png
sc-uab3202,sc,UAB3202,Sonar System,,aeon,structure,Sonar System,2,t1_radar,Sonar System,800,300,7200,780,,,img/sc/uab3202.png
sc-uab4201,sc,UAB4201,Volcano,Tactical Missile Defense,aeon,structure,Tactical Missile Defense,2,tml,Tactical Missile Defense,500,280,3200,400,,Will O Wisp Anti Missile,img/sc/uab4201.png
sc-uab4202,sc,UAB4202,Shield of Light,Shield Generator,aeon,structure,Shield Generator,2,shield,Shield Generator,150,480,5760,950,,,img/sc/uab4202.png
sc-uab4203,sc,UAB4203,Veil,Stealth Field Generator,aeon,structure,Stealth Field Generator,2,t1_radar,Stealth Field Generator,175,400,6000,726,,,img/sc/uab4203.png
sc-uab4301,sc,UAB4301,Radiance,Heavy Shield Generator,aeon,structure,Heavy Shield Generator,3,shield,Heavy Shield Generator,300,2400,44000,4097,,,img/sc/uab4301.png
sc-uab4302,sc,UAB4302,Patron,Strategic Missile Defense,aeon,structure,Strategic Missile Defense,3,antinuke,Strategic Missile Defense,3800,7500,105000,5841,,Saint Anti Nuke,img/sc/uab4302.png
sc-uab5101,sc,UAB5101,Wall Section,,aeon,structure,Wall Section,1,wall,Wall Section,500,3,20,15,,,img/sc/uab5101.png
sc-uab5202,sc,UAB5202,Cradle,Air Staging Facility,aeon,structure,Air Staging Facility,1,other,Air Staging Facility,500,175,2100,350,,,img/sc/uab5202.png
sc-ual0001,sc,UAL0001,Armored Command Unit,,aeon,commander,Armored Command Unit,0,commander,Armored Command Unit,11000,2000,5000000,6000000,1.7,Quantum Disruptor | Overcharge Cannon | AutoOvercharge Cannon | Chrono Dampener,img/sc/ual0001.png
sc-ual0101,sc,UAL0101,Spirit,Land Scout,aeon,land,Land Scout,1,t1_land_scout,Land Scout,20,8,60,60,4.6,Light Laser,img/sc/ual0101.png
sc-ual0103,sc,UAL0103,Fervor,Mobile Light Artillery,aeon,land,Mobile Light Artillery,1,t1_arty,Mobile Light Artillery,150,36,180,200,2.7,Concussion Artillery,img/sc/ual0103.png
sc-ual0104,sc,UAL0104,Thistle,Mobile Anti-Air Gun,aeon,land,Mobile Anti-Air Gun,1,t1_aa,Mobile Anti-Air Gun,265,55,275,220,2.8,Sonic Pulse Battery,img/sc/ual0104.png
sc-ual0105,sc,UAL0105,Engineer,,aeon,land,Engineer,1,t1_engineer,Engineer,120,52,260,260,1.9,,img/sc/ual0105.png
sc-ual0106,sc,UAL0106,Flare,Light Assault Bot,aeon,land,Light Assault Bot,1,t1_light_bot,Light Assault Bot,115,42,165,160,3.8,Sonic Pulsar,img/sc/ual0106.png
sc-ual0111,sc,UAL0111,Evensong,Mobile Missile Launcher,aeon,land,Mobile Missile Launcher,2,t2_mml,Mobile Missile Launcher,750,180,1350,800,2.8,Serpentine Missile,img/sc/ual0111.png
sc-ual0201,sc,UAL0201,Aurora,Light Tank,aeon,land,Light Tank,1,t1_hover,Light Tank,155,54,270,290,3,Disruptor Cannon,img/sc/ual0201.png
sc-ual0202,sc,UAL0202,Obsidian,Heavy Tank,aeon,land,Heavy Tank,2,t2_tank,Heavy Tank,1250,360,1800,1600,2.7,Quantum Cannon,img/sc/ual0202.png
sc-ual0205,sc,UAL0205,Ascendant,Mobile AA Flak Artillery,aeon,land,Mobile AA Flak Artillery,2,t2_flak,Mobile AA Flak Artillery,1000,160,800,800,2.7,Fizz Launcher,img/sc/ual0205.png
sc-ual0208,sc,UAL0208,Engineer,,aeon,land,Engineer,2,t2_engineer,Engineer,340,130,650,650,1.9,,img/sc/ual0208.png
sc-ual0301,sc,UAL0301,Support Armored Command Unit,,aeon,land,Support Armored Command Unit,3,t3_engineer,Support Armored Command Unit,15000,1950,27100,14400,2.2,Reacton Cannon,img/sc/ual0301.png
sc-ual0303,sc,UAL0303,Harbinger Mark IV,Heavy Assault Bot,aeon,land,Heavy Assault Bot,3,t3_assault,Heavy Assault Bot,3600,840,9600,3600,2.95,High Intensity Laser,img/sc/ual0303.png
sc-ual0304,sc,UAL0304,Serenity,Mobile Heavy Artillery,aeon,land,Mobile Heavy Artillery,3,t3_arty,Mobile Heavy Artillery,900,800,8000,4300,2.2,Sonance Artillery,img/sc/ual0304.png
sc-ual0307,sc,UAL0307,Asylum,Mobile Shield Generator,aeon,land,Mobile Shield Generator,2,other,Mobile Shield Generator,100,220,1080,792,4,,img/sc/ual0307.png
sc-ual0309,sc,UAL0309,Engineer,,aeon,land,Engineer,3,t3_engineer,Engineer,680,312,1560,1560,1.9,,img/sc/ual0309.png
sc-ual0401,sc,UAL0401,Galactic Colossus,Experimental Assault Bot,aeon,land,Experimental Assault Bot,4,experimental,Experimental Assault Bot,99999,27500,343750,51500,2.4,Phason Laser | Right Tractor Claw | Left Tractor Claw,img/sc/ual0401.png
sc-uas0102,sc,UAS0102,Shard,Air Attack Boat,aeon,navy,Air Attack Boat,1,t1_frigate,Air Attack Boat,800,120,1200,600,8,Sonic Pulse Battery,img/sc/uas0102.png
sc-uas0103,sc,UAS0103,Beacon Class,Frigate,aeon,navy,Frigate,1,t1_frigate,Frigate,1850,290,2900,1450,6,Quantum Cannon | Quantum Cannon | Quasar Anti Torpedo,img/sc/uas0103.png
sc-uas0201,sc,UAS0201,Exodus Class,Destroyer,aeon,navy,Destroyer,2,t2_destroyer,Destroyer,7200,2250,15000,10000,5,Oblivion Cannon | Harmonic Depth Charge | Chrono Torpedo | Anti Torpedo | Anti Torpedo,img/sc/uas0201.png
sc-uas0202,sc,UAS0202,Infinity Class,Cruiser,aeon,navy,Cruiser,2,t2_cruiser,Cruiser,3250,2000,18000,8000,4.5,Quantum Cannon | Zealot AA Missile | Zealot AA Missile | Will O Wisp Anti Missile,img/sc/uas0202.png
sc-uas0203,sc,UAS0203,Sylph,Attack Submarine,aeon,navy,Attack Submarine,1,t1_sub,Attack Submarine,775,360,2880,1440,6,Chrono Torpedo,img/sc/uas0203.png
sc-uas0302,sc,UAS0302,Omen Class,Battleship,aeon,navy,Battleship,3,t3_battleship,Battleship,48000,9500,58000,30300,3.7,Oblivion Cannon | Oblivion Cannon | Oblivion Cannon | Will O Wisp Anti Missile,img/sc/uas0302.png
sc-uas0303,sc,UAS0303,Keefer Class,Aircraft Carrier,aeon,navy,Aircraft Carrier,3,t3_battleship,Aircraft Carrier,22000,4000,40000,12000,3,Zealot AA Missile | Zealot AA Missile | Will O Wisp Anti Missile,img/sc/uas0303.png
sc-uas0304,sc,UAS0304,Silencer,Strategic Missile Submarine,aeon,navy,Strategic Missile Submarine,3,t1_sub,Strategic Missile Submarine,3750,9500,152000,20000,3.3,Long Range Cruise Missile | Nuclear Warhead,img/sc/uas0304.png
sc-uas0305,sc,UAS0305,Sonar Platform,,aeon,navy,Sonar Platform,3,other,Sonar Platform,1500,1000,12000,1200,4.5,Quasar Anti Torpedo,img/sc/uas0305.png
sc-uas0401,sc,UAS0401,Tempest,Experimental Battleship,aeon,navy,Experimental Battleship,4,experimental,Experimental Battleship,60000,25000,400000,40000,2.5,Oblivion Cannon | Harmonic Depth Charge | Quasar Anti Torpedo | Quasar Anti Torpedo,img/sc/uas0401.png
sc-uea0001,sc,UEA0001,"C-D1 ""Rover""",Engineering Drone,uef,air,Engineering Drone,1,t1_engineer,Engineering Drone,50,60,800,200,4,,img/sc/uea0001.png
sc-uea0003,sc,UEA0003,"C-D3 ""Rover-3""",Engineering Drone,uef,air,Engineering Drone,3,t3_engineer,Engineering Drone,50,160,1600,400,4,,img/sc/uea0003.png
sc-uea0101,sc,UEA0101,Hummingbird,Air Scout,uef,air,Air Scout,1,t1_air_scout,Air Scout,35,40,580,200,19,,img/sc/uea0101.png
sc-uea0102,sc,UEA0102,Cyclone,Interceptor,uef,air,Interceptor,1,t1_interceptor,Interceptor,295,50,2250,500,15,Linked Railgun,img/sc/uea0102.png
sc-uea0103,sc,UEA0103,Scorcher,Attack Bomber,uef,air,Attack Bomber,1,t1_bomber,Attack Bomber,215,90,2050,500,10,Napalm Carpet Bomb,img/sc/uea0103.png
sc-uea0104,sc,UEA0104,C14 Star Lifter,Air Transport,uef,air,Air Transport,2,t1_transport,Air Transport,1675,330,13200,2640,14.5,Hells Fury Riot Gun | Hells Fury Riot Gun | Linked Railgun | Linked Railgun,img/sc/uea0104.png
sc-uea0107,sc,UEA0107,C-6 Courier,Light Air Transport,uef,air,Light Air Transport,1,t1_transport,Light Air Transport,500,120,4800,800,10.75,Weapon Guidance System,img/sc/uea0107.png
sc-uea0203,sc,UEA0203,Stinger,Gunship,uef,air,Gunship,2,t1_transport,Gunship,700,192,3840,1280,13.5,Hells Fury Riot Gun,img/sc/uea0203.png
sc-uea0204,sc,UEA0204,Stork,Torpedo Bomber,uef,air,Torpedo Bomber,2,t2_bomber,Torpedo Bomber,860,270,8000,1600,15,Angler Torpedo,img/sc/uea0204.png
sc-uea0302,sc,UEA0302,SR90 Blackbird,Spy Plane,uef,air,Spy Plane,3,t1_air_scout,Spy Plane,1150,195,7500,900,27,,img/sc/uea0302.png
sc-uea0303,sc,UEA0303,Wasp,Air Superiority Fighter,uef,air,Air Superiority Fighter,3,t3_asf,Air Superiority Fighter,2300,450,51200,3840,22,Ginsu Pulse Beam,img/sc/uea0303.png
sc-uea0304,sc,UEA0304,Ambassador,Strategic Bomber,uef,air,Strategic Bomber,3,t3_strat_bomber,Strategic Bomber,4000,1750,180000,12000,17,Small Yield Nuclear Bomb | Linked Railgun | Linked Railgun,img/sc/uea0304.png
sc-uea0305,sc,UEA0305,Broadsword,Heavy Gunship,uef,air,Heavy Gunship,3,t2_gunship,Heavy Gunship,6000,1500,65000,6300,10,Heavy Plasma Cannon | Linked Railgun,img/sc/uea0305.png
sc-ueb0101,sc,UEB0101,Land Factory,,uef,structure,Land Factory,1,t1_factory_land,Land Factory,4000,240,2100,300,,,img/sc/ueb0101.png
sc-ueb0102,sc,UEB0102,Air Factory,,uef,structure,Air Factory,1,t1_factory_air,Air Factory,4000,210,2400,300,,,img/sc/ueb0102.png
sc-ueb0103,sc,UEB0103,Naval Factory,,uef,structure,Naval Factory,1,t1_factory_naval,Naval Factory,4500,300,1500,300,,,img/sc/ueb0103.png
sc-ueb0201,sc,UEB0201,Land Factory HQ,,uef,structure,Land Factory HQ,2,t2_factory_land,Land Factory HQ,8000,1410,11200,2300,,,img/sc/ueb0201.png
sc-ueb0202,sc,UEB0202,Air Factory HQ,,uef,structure,Air Factory HQ,2,t2_factory_air,Air Factory HQ,8000,920,18000,2300,,,img/sc/ueb0202.png
sc-ueb0203,sc,UEB0203,Naval Factory HQ,,uef,structure,Naval Factory HQ,2,t2_factory_naval,Naval Factory HQ,16000,2000,10000,3200,,,img/sc/ueb0203.png
sc-ueb0301,sc,UEB0301,Land Factory HQ,,uef,structure,Land Factory HQ,3,t2_factory_land,Land Factory HQ,16000,5220,47400,12000,,,img/sc/ueb0301.png
sc-ueb0302,sc,UEB0302,Air Factory HQ,,uef,structure,Air Factory HQ,3,t2_factory_air,Air Factory HQ,16000,4090,99400,12000,,,img/sc/ueb0302.png
sc-ueb0303,sc,UEB0303,Naval Factory HQ,,uef,structure,Naval Factory HQ,3,t2_factory_naval,Naval Factory HQ,26000,9500,45000,21600,,,img/sc/ueb0303.png
sc-ueb0304,sc,UEB0304,QGW R-32,Quantum Gateway,uef,structure,Quantum Gateway,3,other,Quantum Gateway,10000,3000,30000,4097,,,img/sc/ueb0304.png
sc-ueb1101,sc,UEB1101,Power Generator,,uef,structure,Power Generator,1,t1_energy,Power Generator,600,75,750,125,,,img/sc/ueb1101.png
sc-ueb1102,sc,UEB1102,HCPP - X1000,Hydrocarbon Power Plant,uef,structure,Hydrocarbon Power Plant,1,t1_energy,Hydrocarbon Power Plant,1800,160,800,400,,,img/sc/ueb1102.png
sc-ueb1103,sc,UEB1103,Mass Pump 1,Mass Extractor,uef,structure,Mass Extractor,1,t1_mex,Mass Extractor,400,36,360,60,,,img/sc/ueb1103.png
sc-ueb1104,sc,UEB1104,Mass Fabricator,,uef,structure,Mass Fabricator,2,t1_fab,Mass Fabricator,360,200,4000,500,,,img/sc/ueb1104.png
sc-ueb1105,sc,UEB1105,Energy Storage,,uef,structure,Energy Storage,1,other,Energy Storage,500,250,1200,200,,,img/sc/ueb1105.png
sc-ueb1106,sc,UEB1106,Mass Storage,,uef,structure,Mass Storage,1,other,Mass Storage,800,200,1500,250,,,img/sc/ueb1106.png
sc-ueb1201,sc,UEB1201,EG - 200 Fusion Reactor,Power Generator,uef,structure,Power Generator,2,t2_energy,Power Generator,2500,1200,12000,2198,,,img/sc/ueb1201.png
sc-ueb1202,sc,UEB1202,Mass Pump 2,Mass Extractor,uef,structure,Mass Extractor,2,t2_mex,Mass Extractor,2000,900,5400,900,,,img/sc/ueb1202.png
sc-ueb1301,sc,UEB1301,EG 900 Fusion Reactor,Power Generator,uef,structure,Power Generator,3,t3_energy,Power Generator,9000,3240,57600,6824,,,img/sc/ueb1301.png
sc-ueb1302,sc,UEB1302,Mass Pump 3,Mass Extractor,uef,structure,Mass Extractor,3,t2_mex,Mass Extractor,7000,4600,31625,2875,,,img/sc/ueb1302.png
sc-ueb1303,sc,UEB1303,Mass Fabricator,,uef,structure,Mass Fabricator,3,t1_fab,Mass Fabricator,6000,4000,120000,5000,,,img/sc/ueb1303.png
sc-ueb2101,sc,UEB2101,DM1 Plasma Cannon,Point Defense,uef,structure,Point Defense,1,t1_pd,Point Defense,1300,250,2000,250,,Light Plasma Cannon,img/sc/ueb2101.png
sc-ueb2104,sc,UEB2104,DA1 Railgun,Anti-Air Turret,uef,structure,Anti-Air Turret,1,t1_aa_turret,Anti-Air Turret,800,150,1500,188,,Linked Railgun,img/sc/ueb2104.png
sc-ueb2108,sc,UEB2108,Aloha,Tactical Missile Launcher,uef,structure,Tactical Missile Launcher,2,tml,Tactical Missile Launcher,900,800,4000,800,,Long Range Cruise Missile,img/sc/ueb2108.png
sc-ueb2109,sc,UEB2109,DN1,Torpedo Launcher,uef,structure,Torpedo Launcher,1,other,Torpedo Launcher,1700,450,3600,450,,Angler Torpedo,img/sc/ueb2109.png
sc-ueb2204,sc,UEB2204,Air Cleaner,Anti-Air Flak Artillery,uef,structure,Anti-Air Flak Artillery,2,t2_flak,Anti-Air Flak Artillery,2590,400,4000,540,,Fragmentation Flak,img/sc/ueb2204.png
sc-ueb2205,sc,UEB2205,Tsunami,Torpedo Launcher,uef,structure,Torpedo Launcher,2,other,Torpedo Launcher,6400,1080,9000,1446,,Angler Torpedo,img/sc/ueb2205.png
sc-ueb2301,sc,UEB2301,Triad,Point Defense,uef,structure,Point Defense,2,t2_pd,Point Defense,2250,540,3780,675,,Gauss Cannon,img/sc/ueb2301.png
sc-ueb2302,sc,UEB2302,Duke,Heavy Artillery Installation,uef,structure,Heavy Artillery Installation,3,t3_arty_static,Heavy Artillery Installation,15000,76000,1424000,121400,,Anti Matter Artillery,img/sc/ueb2302.png
sc-ueb2303,sc,UEB2303,Klink Hammer,Artillery Installation,uef,structure,Artillery Installation,2,t2_arty,Artillery Installation,3600,1900,13585,1600,,APDS Artillery,img/sc/ueb2303.png
sc-ueb2304,sc,UEB2304,Flayer,Anti-Air SAM Launcher,uef,structure,Anti-Air SAM Launcher,3,t2_flak,Anti-Air SAM Launcher,5000,800,8000,1400,,Flayer SAM Launcher,img/sc/ueb2304.png
sc-ueb2305,sc,UEB2305,Stonager,Strategic Missile Launcher,uef,structure,Strategic Missile Launcher,3,nuke,Strategic Missile Launcher,4000,16500,412500,25000,,Nuclear Warhead,img/sc/ueb2305.png
sc-ueb2401,sc,UEB2401,Mavor,Experimental Artillery,uef,structure,Experimental Artillery,4,experimental,Experimental Artillery,8000,224775,5994000,300000,,Anti Matter Artillery,img/sc/ueb2401.png
sc-ueb3101,sc,UEB3101,SA1 - 1000,Radar System,uef,structure,Radar System,1,t1_radar,Radar System,10,80,720,80,,,img/sc/ueb3101.png
sc-ueb3102,sc,UEB3102,SP1 - 1000,Sonar System,uef,structure,Sonar System,1,t1_radar,Sonar System,400,150,1250,125,,,img/sc/ueb3102.png
sc-ueb3104,sc,UEB3104,SA3 - Omni,Omni Sensor Array,uef,structure,Omni Sensor Array,3,t1_radar,Omni Sensor Array,100,2400,30000,2400,,,img/sc/ueb3104.png
sc-ueb3201,sc,UEB3201,SA2 - 2000,Radar System,uef,structure,Radar System,2,t1_radar,Radar System,50,180,3600,780,,,img/sc/ueb3201.png
sc-ueb3202,sc,UEB3202,SP2 - 2000,Sonar System,uef,structure,Sonar System,2,t1_radar,Sonar System,800,300,7200,780,,,img/sc/ueb3202.png
sc-ueb4201,sc,UEB4201,Buzzkill,Tactical Missile Defense,uef,structure,Tactical Missile Defense,2,tml,Tactical Missile Defense,1000,280,3200,400,,Phalanx Anti Missile,img/sc/ueb4201.png
sc-ueb4202,sc,UEB4202,SD - Pulse,Shield Generator,uef,structure,Shield Generator,2,shield,Shield Generator,250,600,6000,1150,,,img/sc/ueb4202.png
sc-ueb4203,sc,UEB4203,Scattershield,Stealth Field Generator,uef,structure,Stealth Field Generator,2,t1_radar,Stealth Field Generator,225,360,5400,664,,,img/sc/ueb4203.png
sc-ueb4301,sc,UEB4301,HSD Pulse,Heavy Shield Generator,uef,structure,Heavy Shield Generator,3,shield,Heavy Shield Generator,500,3300,55000,5000,,,img/sc/ueb4301.png
sc-ueb4302,sc,UEB4302,Nuke Eliminator,Strategic Missile Defense,uef,structure,Strategic Missile Defense,3,antinuke,Strategic Missile Defense,3800,7500,105000,5841,,AntiNuke,img/sc/ueb4302.png
sc-ueb5101,sc,UEB5101,Calcicrete,Wall Section,uef,structure,Wall Section,1,wall,Wall Section,500,3,20,15,,,img/sc/ueb5101.png
sc-ueb5202,sc,UEB5202,Refuel & Repair,Air Staging Facility,uef,structure,Air Staging Facility,1,other,Air Staging Facility,500,175,2100,350,,,img/sc/ueb5202.png
sc-uel0001,sc,UEL0001,Armored Command Unit,,uef,commander,Armored Command Unit,0,commander,Armored Command Unit,12000,2000,5000000,6000000,1.7,Zephyr Anti Matter Cannon | Overcharge Cannon | AutoOvercharge Cannon | Tactical Warhead | Nuclear Warhead,img/sc/uel0001.png
sc-uel0101,sc,UEL0101,Snoop,Land Scout,uef,land,Land Scout,1,t1_land_scout,Land Scout,29,12,80,60,4.5,Tom Cat Machinegun,img/sc/uel0101.png
sc-uel0103,sc,UEL0103,Lobo,Mobile Light Artillery,uef,land,Mobile Light Artillery,1,t1_arty,Mobile Light Artillery,205,36,180,200,2.8,Fragmentation Artillery,img/sc/uel0103.png
sc-uel0104,sc,UEL0104,Archer,Mobile Anti-Air Gun,uef,land,Mobile Anti-Air Gun,1,t1_aa,Mobile Anti-Air Gun,310,55,275,220,3.3,Linked Railgun,img/sc/uel0104.png
sc-uel0105,sc,UEL0105,Engineer,,uef,land,Engineer,1,t1_engineer,Engineer,150,52,260,260,1.9,,img/sc/uel0105.png
sc-uel0106,sc,UEL0106,Mech Marine,Light Assault Bot,uef,land,Light Assault Bot,1,t1_light_bot,Light Assault Bot,60,30,120,120,4.2,Tom Cat Machinegun,img/sc/uel0106.png
sc-uel0111,sc,UEL0111,Flapjack,Mobile Missile Launcher,uef,land,Mobile Missile Launcher,2,t2_mml,Mobile Missile Launcher,825,180,1350,800,2.9,Long Range Cruise Missile,img/sc/uel0111.png
sc-uel0201,sc,UEL0201,MA12 Striker,Medium Tank,uef,land,Medium Tank,1,t1_tank,Medium Tank,300,56,266,300,3.4,Gauss Cannon,img/sc/uel0201.png
sc-uel0202,sc,UEL0202,Pillar,Heavy Tank,uef,land,Heavy Tank,2,t2_tank,Heavy Tank,1500,198,990,880,3.1,Gauss Cannon,img/sc/uel0202.png
sc-uel0203,sc,UEL0203,Riptide,Amphibious Tank,uef,land,Amphibious Tank,2,t2_tank,Amphibious Tank,1800,320,1650,1420,3.7,Hells Fury Riot Gun,img/sc/uel0203.png
sc-uel0205,sc,UEL0205,Sky Boxer,Mobile AA Flak Artillery,uef,land,Mobile AA Flak Artillery,2,t2_flak,Mobile AA Flak Artillery,1000,160,800,800,3.1,Fragmentation Flak,img/sc/uel0205.png
sc-uel0208,sc,UEL0208,Engineer,,uef,land,Engineer,2,t2_engineer,Engineer,400,130,650,650,1.9,,img/sc/uel0208.png
sc-uel0301,sc,UEL0301,Support Armored Command Unit,,uef,land,Support Armored Command Unit,3,t3_engineer,Support Armored Command Unit,16000,2100,25200,14400,2.2,Heavy Plasma Cannon,img/sc/uel0301.png
sc-uel0303,sc,UEL0303,Titan,Heavy Assault Bot,uef,land,Heavy Assault Bot,3,t3_assault,Heavy Assault Bot,2400,480,5250,2400,3.8,Heavy Plasma Cannon,img/sc/uel0303.png
sc-uel0304,sc,UEL0304,Demolisher,Mobile Heavy Artillery,uef,land,Mobile Heavy Artillery,3,t3_arty,Mobile Heavy Artillery,950,800,8000,4300,2.2,Anti Matter Artillery,img/sc/uel0304.png
sc-uel0307,sc,UEL0307,Parashield,Mobile Shield Generator,uef,land,Mobile Shield Generator,2,other,Mobile Shield Generator,150,220,900,660,3.5,,img/sc/uel0307.png
sc-uel0309,sc,UEL0309,Engineer,,uef,land,Engineer,3,t3_engineer,Engineer,800,312,1560,1560,1.9,,img/sc/uel0309.png
sc-uel0401,sc,UEL0401,Fatboy,Experimental Mobile Factory,uef,land,Experimental Mobile Factory,4,experimental,Experimental Mobile Factory,12500,28000,350000,47500,1.75,Gauss Cannon | Gauss Cannon | Gauss Cannon | Gauss Cannon | Hells Fury Riot Gun | Hells Fury Riot Gun | Linked Railgun | Linked Railgun | Angler Torpedo,img/sc/uel0401.png
sc-ues0103,sc,UES0103,Thunderhead Class,Frigate,uef,navy,Frigate,1,t1_frigate,Frigate,2120,280,2800,1400,6,Gauss Cannon | Linked Railgun,img/sc/ues0103.png
sc-ues0201,sc,UES0201,Valiant Class,Destroyer,uef,navy,Destroyer,2,t2_destroyer,Destroyer,7200,2250,15000,10000,5.5,Gauss Cannon | Gauss Cannon | Linked Railgun | Angler Torpedo | Smart Charge AntiTorpedo,img/sc/ues0201.png
sc-ues0202,sc,UES0202,Governor Class,Cruiser,uef,navy,Cruiser,2,t2_cruiser,Cruiser,2500,2000,18000,8000,4.5,Long Range Cruise Missile | Gauss Cannon | Flayer SAM Launcher | Phalanx Anti Missile,img/sc/ues0202.png
sc-ues0203,sc,UES0203,Tigershark,Attack Submarine,uef,navy,Attack Submarine,1,t1_sub,Attack Submarine,800,360,2880,1440,6,Angler Torpedo | Light Plasma Cannon,img/sc/ues0203.png
sc-ues0302,sc,UES0302,Summit Class,Battleship,uef,navy,Battleship,3,t3_battleship,Battleship,51000,10000,62000,31600,2.75,Gauss Cannon | Gauss Cannon | Gauss Cannon | Linked Railgun | Linked Railgun | Linked Railgun | Linked Railgun | Phalanx Anti Missile | Phalanx Anti Missile,img/sc/ues0302.png
sc-ues0304,sc,UES0304,Ace,Strategic Missile Submarine,uef,navy,Strategic Missile Submarine,3,t1_sub,Strategic Missile Submarine,4000,9500,152000,20000,3.3,Long Range Cruise Missile | Nuclear Warhead,img/sc/ues0304.png
sc-ues0305,sc,UES0305,SP3 - 3000,Sonar Platform,uef,navy,Sonar Platform,3,other,Sonar Platform,2000,1000,12000,1200,4.5,Angler Torpedo,img/sc/ues0305.png
sc-ues0401,sc,UES0401,Atlantis,Experimental Aircraft Carrier,uef,navy,Experimental Aircraft Carrier,4,experimental,Experimental Aircraft Carrier,40000,12000,150000,20500,3.3,Angler Torpedo | Flayer SAM Launcher | Flayer SAM Launcher | Flayer SAM Launcher | Flayer SAM Launcher,img/sc/ues0401.png
sc-ura0101,sc,URA0101,Flying Eyes,Air Scout,cybran,air,Air Scout,1,t1_air_scout,Air Scout,26,40,580,200,19,,img/sc/ura0101.png
sc-ura0102,sc,URA0102,Prowler,Interceptor,cybran,air,Interceptor,1,t1_interceptor,Interceptor,280,50,2250,500,15,Electron Autocannon | Electron Autocannon,img/sc/ura0102.png
sc-ura0103,sc,URA0103,Zeus,Attack Bomber,cybran,air,Attack Bomber,1,t1_bomber,Attack Bomber,200,90,2050,500,10,Neutron Cluster Bomb,img/sc/ura0103.png
sc-ura0104,sc,URA0104,Dragon Fly,Air Transport,cybran,air,Air Transport,2,t1_transport,Air Transport,1525,330,13200,2640,14.5,Disintegrator Pulse Laser | Electron Autocannon,img/sc/ura0104.png
sc-ura0107,sc,URA0107,Skyhook,Light Air Transport,cybran,air,Light Air Transport,1,t1_transport,Light Air Transport,500,120,4800,800,10.75,Weapon Guidance System,img/sc/ura0107.png
sc-ura0203,sc,URA0203,Renegade,Gunship,cybran,air,Gunship,2,t2_gunship,Gunship,832,270,5400,1800,12,Iridium Rocket Pack,img/sc/ura0203.png
sc-ura0204,sc,URA0204,Cormorant,Torpedo Bomber,cybran,air,Torpedo Bomber,2,t2_bomber,Torpedo Bomber,800,270,8000,1600,15,Nanite Torpedo,img/sc/ura0204.png
sc-ura0302,sc,URA0302,Spook,Spy Plane,cybran,air,Spy Plane,3,t1_air_scout,Spy Plane,700,195,7500,900,27,,img/sc/ura0302.png
sc-ura0303,sc,URA0303,Gemini,Air Superiority Fighter,cybran,air,Air Superiority Fighter,3,t3_asf,Air Superiority Fighter,2225,450,51200,3840,22,Nanite Missile System,img/sc/ura0303.png
sc-ura0304,sc,URA0304,Revenant,Strategic Bomber,cybran,air,Strategic Bomber,3,t3_strat_bomber,Strategic Bomber,3700,1750,180000,12000,17,Neutron Bomb | Electron Autocannon | Electron Autocannon,img/sc/ura0304.png
sc-ura0401,sc,URA0401,Soul Ripper,Experimental Gunship,cybran,air,Experimental Gunship,4,experimental,Experimental Gunship,75000,29000,812000,48000,9,Iridium Rocket Pack | Iridium Rocket Pack | Nanite Missile System | Nanite Missile System | Heavy Electron Bolter | Heavy Electron Bolter,img/sc/ura0401.png
sc-urb0101,sc,URB0101,Land Factory,,cybran,structure,Land Factory,1,t1_factory_land,Land Factory,2750,240,2100,300,,,img/sc/urb0101.png
sc-urb0102,sc,URB0102,Air Factory,,cybran,structure,Air Factory,1,t1_factory_air,Air Factory,2750,210,2400,300,,,img/sc/urb0102.png
sc-urb0103,sc,URB0103,Naval Factory,,cybran,structure,Naval Factory,1,t1_factory_naval,Naval Factory,3200,300,1500,300,,,img/sc/urb0103.png
sc-urb0201,sc,URB0201,Land Factory HQ,,cybran,structure,Land Factory HQ,2,t2_factory_land,Land Factory HQ,6100,1410,11200,2300,,,img/sc/urb0201.png
sc-urb0202,sc,URB0202,Air Factory HQ,,cybran,structure,Air Factory HQ,2,t2_factory_air,Air Factory HQ,6100,920,18000,2300,,,img/sc/urb0202.png
sc-urb0203,sc,URB0203,Naval Factory HQ,,cybran,structure,Naval Factory HQ,2,t2_factory_naval,Naval Factory HQ,11000,2000,10000,3200,,,img/sc/urb0203.png
sc-urb0301,sc,URB0301,Land Factory HQ,,cybran,structure,Land Factory HQ,3,t2_factory_land,Land Factory HQ,11000,5220,47400,12000,,,img/sc/urb0301.png
sc-urb0302,sc,URB0302,Air Factory HQ,,cybran,structure,Air Factory HQ,3,t2_factory_air,Air Factory HQ,11000,4090,99400,12000,,,img/sc/urb0302.png
sc-urb0303,sc,URB0303,Naval Factory HQ,,cybran,structure,Naval Factory HQ,3,t2_factory_naval,Naval Factory HQ,17000,9500,45000,21600,,,img/sc/urb0303.png
sc-urb0304,sc,URB0304,Summoner,Quantum Gateway,cybran,structure,Quantum Gateway,3,other,Quantum Gateway,10000,3000,30000,4097,,,img/sc/urb0304.png
sc-urb1101,sc,URB1101,Power Generator,,cybran,structure,Power Generator,1,t1_energy,Power Generator,500,75,750,125,,,img/sc/urb1101.png
sc-urb1102,sc,URB1102,Hydrocarbon Power Plant,,cybran,structure,Hydrocarbon Power Plant,1,t1_energy,Hydrocarbon Power Plant,1400,160,800,400,,,img/sc/urb1102.png
sc-urb1103,sc,URB1103,Mass Extractor,,cybran,structure,Mass Extractor,1,t1_mex,Mass Extractor,360,36,360,60,,,img/sc/urb1103.png
sc-urb1104,sc,URB1104,Mass Fabricator,,cybran,structure,Mass Fabricator,2,t1_fab,Mass Fabricator,360,200,4000,500,,,img/sc/urb1104.png
sc-urb1105,sc,URB1105,Energy Storage,,cybran,structure,Energy Storage,1,other,Energy Storage,500,250,1200,200,,,img/sc/urb1105.png
sc-urb1106,sc,URB1106,Mass Storage,,cybran,structure,Mass Storage,1,other,Mass Storage,600,200,1500,250,,,img/sc/urb1106.png
sc-urb1201,sc,URB1201,Power Generator,,cybran,structure,Power Generator,2,t2_energy,Power Generator,2200,1200,12000,2198,,,img/sc/urb1201.png
sc-urb1202,sc,URB1202,Mass Extractor,,cybran,structure,Mass Extractor,2,t2_mex,Mass Extractor,1800,900,5400,900,,,img/sc/urb1202.png
sc-urb1301,sc,URB1301,Ion Reactor,Power Generator,cybran,structure,Power Generator,3,t3_energy,Power Generator,6000,3240,57600,6824,,,img/sc/urb1301.png
sc-urb1302,sc,URB1302,Mass Extractor,,cybran,structure,Mass Extractor,3,t2_mex,Mass Extractor,6250,4600,31625,2875,,,img/sc/urb1302.png
sc-urb1303,sc,URB1303,Mass Fabricator,,cybran,structure,Mass Fabricator,3,t1_fab,Mass Fabricator,6000,4000,120000,5000,,,img/sc/urb1303.png
sc-urb2101,sc,URB2101,Auto Gun,Point Defense,cybran,structure,Point Defense,1,t1_pd,Point Defense,1300,250,2000,250,,Light Pulse Laser,img/sc/urb2101.png
sc-urb2104,sc,URB2104,Tracer,Anti-Air Turret,cybran,structure,Anti-Air Turret,1,t1_aa_turret,Anti-Air Turret,800,150,1500,188,,Electron Autocannon,img/sc/urb2104.png
sc-urb2108,sc,URB2108,TML-4,Tactical Missile Launcher,cybran,structure,Tactical Missile Launcher,2,tml,Tactical Missile Launcher,900,850,5100,850,,Loa Tactical Missile,img/sc/urb2108.png
sc-urb2109,sc,URB2109,Scuttle,Torpedo Launcher,cybran,structure,Torpedo Launcher,1,other,Torpedo Launcher,1600,450,3600,450,,Nanite Torpedo,img/sc/urb2109.png
sc-urb2204,sc,URB2204,Burst Master,Anti-Air Flak Artillery,cybran,structure,Anti-Air Flak Artillery,2,t2_flak,Anti-Air Flak Artillery,2380,400,4000,540,,Electron Flak,img/sc/urb2204.png
sc-urb2205,sc,URB2205,Nanite Torpedo Array,Torpedo Launcher,cybran,structure,Torpedo Launcher,2,other,Torpedo Launcher,5800,1080,9000,1446,,Nanite Torpedo,img/sc/urb2205.png
sc-urb2301,sc,URB2301,Cerberus,Point Defense,cybran,structure,Point Defense,2,t2_pd,Point Defense,2000,480,3360,600,,Particle Cannon,img/sc/urb2301.png
sc-urb2302,sc,URB2302,Disruptor,Heavy Artillery Installation,cybran,structure,Heavy Artillery Installation,3,t3_arty_static,Heavy Artillery Installation,10500,70000,1313000,105600,,Proton Artillery,img/sc/urb2302.png
sc-urb2303,sc,URB2303,Gunther,Artillery Installation,cybran,structure,Artillery Installation,2,t2_arty,Artillery Installation,3150,1680,12012,1600,,Resonance Artillery,img/sc/urb2303.png
sc-urb2304,sc,URB2304,Myrmidon,Anti-Air SAM Launcher,cybran,structure,Anti-Air SAM Launcher,3,t2_flak,Anti-Air SAM Launcher,5000,800,8000,1400,,Nanite Missile System,img/sc/urb2304.png
sc-urb2305,sc,URB2305,Liberator,Strategic Missile Launcher,cybran,structure,Strategic Missile Launcher,3,nuke,Strategic Missile Launcher,4000,16500,412500,25000,,EMP Flux Warhead,img/sc/urb2305.png
sc-urb3101,sc,URB3101,Magno,Radar System,cybran,structure,Radar System,1,t1_radar,Radar System,10,80,720,80,,,img/sc/urb3101.png
sc-urb3102,sc,URB3102,Noah,Sonar System,cybran,structure,Sonar System,1,t1_radar,Sonar System,400,150,1250,125,,,img/sc/urb3102.png
sc-urb3104,sc,URB3104,Olympus,Omni Sensor Array,cybran,structure,Omni Sensor Array,3,t1_radar,Omni Sensor Array,100,2400,30000,2400,,,img/sc/urb3104.png
sc-urb3201,sc,URB3201,Magno XR,Radar System,cybran,structure,Radar System,2,t1_radar,Radar System,50,180,3600,780,,,img/sc/urb3201.png
sc-urb3202,sc,URB3202,Flood,Sonar System,cybran,structure,Sonar System,2,t1_radar,Sonar System,800,300,7200,780,,,img/sc/urb3202.png
sc-urb4201,sc,URB4201,Zapper,Tactical Missile Defense,cybran,structure,Tactical Missile Defense,2,tml,Tactical Missile Defense,950,280,3200,400,,Zapper Anti Missile,img/sc/urb4201.png
sc-urb4202,sc,URB4202,ED1,Shield Generator,cybran,structure,Shield Generator,2,shield,Shield Generator,500,160,2000,700,,,img/sc/urb4202.png
sc-urb4203,sc,URB4203,Twilight,Stealth Field Generator,cybran,structure,Stealth Field Generator,2,t1_radar,Stealth Field Generator,150,320,4000,400,,,img/sc/urb4203.png
sc-urb4204,sc,URB4204,ED2,Shield Generator,cybran,structure,Shield Generator,2,shield,Shield Generator,500,460,5000,775,,,img/sc/urb4204.png
sc-urb4205,sc,URB4205,ED3,Shield Generator,cybran,structure,Shield Generator,2,shield,Shield Generator,500,1260,17000,2200,,,img/sc/urb4205.png
sc-urb4206,sc,URB4206,ED4,Shield Generator,cybran,structure,Shield Generator,3,shield,Shield Generator,500,2460,41000,3515,,,img/sc/urb4206.png
sc-urb4207,sc,URB4207,ED5,Shield Generator,cybran,structure,Shield Generator,3,shield,Shield Generator,500,4260,67666,7100,,,img/sc/urb4207.png
sc-urb4302,sc,URB4302,Guardian,Strategic Missile Defense,cybran,structure,Strategic Missile Defense,3,antinuke,Strategic Missile Defense,3800,7500,105000,5841,,EMP Anti Nuke,img/sc/urb4302.png
sc-urb5101,sc,URB5101,Wall Section,,cybran,structure,Wall Section,1,wall,Wall Section,500,3,20,15,,,img/sc/urb5101.png
sc-urb5202,sc,URB5202,Air Staging Facility,,cybran,structure,Air Staging Facility,1,other,Air Staging Facility,500,175,2100,350,,,img/sc/urb5202.png
sc-url0001,sc,URL0001,Armored Command Unit,,cybran,commander,Armored Command Unit,0,commander,Armored Command Unit,10000,2000,5000000,6000000,1.7,DummyWeapon | Molecular Ripper Cannon | Overcharge Cannon | AutoOvercharge Cannon | Heavy Microwave Laser | Nanite Torpedo,img/sc/url0001.png
sc-url0101,sc,URL0101,Mole,Land Scout,cybran,land,Land Scout,1,t1_land_scout,Land Scout,15,8,60,60,4.8,Target Tracker,img/sc/url0101.png
sc-url0103,sc,URL0103,Medusa,Mobile Light Artillery,cybran,land,Mobile Light Artillery,1,t1_arty,Mobile Light Artillery,140,36,180,200,2.9,EMP Grenade Launcher,img/sc/url0103.png
sc-url0104,sc,URL0104,Sky Slammer,Mobile Anti-Air Gun,cybran,land,Mobile Anti-Air Gun,1,t1_aa,Mobile Anti-Air Gun,260,55,275,220,2.9,Nanodart Surface Launcher | Nanodart Launcher,img/sc/url0104.png
sc-url0105,sc,URL0105,Engineer,,cybran,land,Engineer,1,t1_engineer,Engineer,145,52,260,260,1.9,,img/sc/url0105.png
sc-url0106,sc,URL0106,Hunter,Light Assault Bot,cybran,land,Light Assault Bot,1,t1_light_bot,Light Assault Bot,90,35,140,140,4,Light Pulse Laser,img/sc/url0106.png
sc-url0107,sc,URL0107,Mantis,Assault Bot,cybran,land,Assault Bot,1,t1_light_bot,Assault Bot,270,56,273,285,3.7,Light Pulse Laser,img/sc/url0107.png
sc-url0111,sc,URL0111,Viper,Mobile Missile Launcher,cybran,land,Mobile Missile Launcher,2,t2_mml,Mobile Missile Launcher,700,180,1350,800,3,Loa Tactical Missile,img/sc/url0111.png
sc-url0202,sc,URL0202,Rhino,Heavy Tank,cybran,land,Heavy Tank,2,t2_tank,Heavy Tank,1900,290,1500,1300,2.9,Particle Cannon,img/sc/url0202.png
sc-url0203,sc,URL0203,Wagner,Amphibious Tank,cybran,land,Amphibious Tank,2,t2_amphib,Amphibious Tank,1200,297,1980,1320,3.7,Meson Rocket | Heavy Electron Bolter | Meson Torpedo,img/sc/url0203.png
sc-url0205,sc,URL0205,Banger,Mobile AA Flak Artillery,cybran,land,Mobile AA Flak Artillery,2,t2_flak,Mobile AA Flak Artillery,1000,160,800,800,2.9,Electron Flak,img/sc/url0205.png
sc-url0208,sc,URL0208,Engineer,,cybran,land,Engineer,2,t2_engineer,Engineer,390,130,650,650,1.9,,img/sc/url0208.png
sc-url0301,sc,URL0301,Support Armored Command Unit,,cybran,land,Support Armored Command Unit,3,t3_engineer,Support Armored Command Unit,19000,2000,26400,14400,2.2,Disintegrator Pulse Laser | Nanite Missile System,img/sc/url0301.png
sc-url0303,sc,URL0303,Loyalist,Siege Assault Bot,cybran,land,Siege Assault Bot,3,t3_assault,Siege Assault Bot,3000,480,5250,2400,3.8,Disintegrator Pulse Laser | Heavy Electron Bolter | Missile Deflector,img/sc/url0303.png
sc-url0304,sc,URL0304,Trebuchet,Mobile Heavy Artillery,cybran,land,Mobile Heavy Artillery,3,t3_arty,Mobile Heavy Artillery,850,800,8000,4300,2.2,Proton Artillery,img/sc/url0304.png
sc-url0306,sc,URL0306,Deceiver,Mobile Stealth Field System,cybran,land,Mobile Stealth Field System,2,other,Mobile Stealth Field System,350,160,1600,800,4,,img/sc/url0306.png
sc-url0309,sc,URL0309,Engineer,,cybran,land,Engineer,3,t3_engineer,Engineer,740,312,1560,1560,1.9,,img/sc/url0309.png
sc-url0401,sc,URL0401,Scathis,Experimental Mobile Rapid-Fire Artillery,cybran,land,Experimental Mobile Rapid-Fire Artillery,4,experimental,Experimental Mobile Rapid-Fire Artillery,17000,220000,4000000,240000,1.5,Proton Artillery,img/sc/url0401.png
sc-url0402,sc,URL0402,Monkeylord,Experimental Spiderbot,cybran,land,Experimental Spiderbot,4,experimental,Experimental Spiderbot,45000,20000,260000,27500,2.5,Heavy Microwave Laser | Heavy Electron Bolter | Heavy Electron Bolter | Nanite Missile System | Nanite Missile System | Meson Torpedo,img/sc/url0402.png
sc-urs0103,sc,URS0103,Trident Class,Frigate,cybran,navy,Frigate,1,t1_frigate,Frigate,1900,250,2500,1250,6,Proton Cannon | Electron Autocannon,img/sc/urs0103.png
sc-urs0201,sc,URS0201,Salem Class,Destroyer,cybran,navy,Destroyer,2,t2_destroyer,Destroyer,6500,2250,15000,10000,5,Proton Cannon | Electron Autocannon | Nanite Torpedo | Anti Torpedo Solution,img/sc/urs0201.png
sc-urs0202,sc,URS0202,Siren Class,Cruiser,cybran,navy,Cruiser,2,t2_cruiser,Cruiser,3000,2000,18000,8000,4.5,Proton Cannon | Nanodart Launcher | Missile Deflector | Nanodart Surface Launcher,img/sc/urs0202.png
sc-urs0203,sc,URS0203,Sliver,Attack Submarine,cybran,navy,Attack Submarine,1,t1_sub,Attack Submarine,775,360,2880,1440,6,Nanite Torpedo | Light Pulse Laser,img/sc/urs0203.png
sc-urs0302,sc,URS0302,Galaxy Class,Battleship,cybran,navy,Battleship,3,t3_battleship,Battleship,44500,8000,54000,25200,3.2,Proton Cannon | Proton Cannon | Electron Autocannon | Electron Autocannon | Nanite Torpedo | Zapper Anti Missile | Zapper Anti Missile,img/sc/urs0302.png
sc-urs0303,sc,URS0303,Command Class,Aircraft Carrier,cybran,navy,Aircraft Carrier,3,t3_battleship,Aircraft Carrier,20000,3600,36000,10800,3,Electron Autocannon | Electron Autocannon | Electron Autocannon | Electron Autocannon | Missile Deflector,img/sc/urs0303.png
sc-urs0304,sc,URS0304,Plan B,Strategic Missile Submarine,cybran,navy,Strategic Missile Submarine,3,t1_sub,Strategic Missile Submarine,3500,10500,152000,20000,3.3,Loa Tactical Missile | Nanite Torpedo | EMP Flux Warhead,img/sc/urs0304.png
sc-urs0305,sc,URS0305,Flood XR,Sonar Platform,cybran,navy,Sonar Platform,3,other,Sonar Platform,1200,1200,14400,1400,4.5,,img/sc/urs0305.png
sc-xaa0202,sc,XAA0202,Swift Wind,Combat Fighter,aeon,air,Combat Fighter,2,t2_fighter,Combat Fighter,800,235,6750,1800,18,Light Displacement Missile,img/sc/xaa0202.png
sc-xaa0305,sc,XAA0305,Restorer,AA Gunship,aeon,air,AA Gunship,3,t2_gunship,AA Gunship,6000,1200,64000,6000,10,Quad Light Laser | Zealot AA Missile | Zealot AA Missile,img/sc/xaa0305.png
sc-xaa0306,sc,XAA0306,Solace,Torpedo Bomber,aeon,air,Torpedo Bomber,3,t3_strat_bomber,Torpedo Bomber,3750,1650,55000,6600,20,Torpedo Cluster,img/sc/xaa0306.png
sc-xab1401,sc,XAB1401,Paragon,Experimental Resource Generator,aeon,structure,Experimental Resource Generator,4,experimental,Experimental Resource Generator,5000,250200,7506000,325000,,,img/sc/xab1401.png
sc-xab2307,sc,XAB2307,Salvation,Rapid-Fire Artillery Installation,aeon,structure,Rapid-Fire Artillery Installation,4,experimental,Rapid-Fire Artillery Installation,9000,202500,5400000,100000,,Rapid-Fire Artillery Cannon,img/sc/xab2307.png
sc-xab3301,sc,XAB3301,Eye of Rhianne,Quantum Optics Facility,aeon,structure,Quantum Optics Facility,3,t1_radar,Quantum Optics Facility,250,3000,48000,2575,,,img/sc/xab3301.png
sc-xal0203,sc,XAL0203,Blaze,Assault Tank,aeon,land,Assault Tank,2,t2_tank,Assault Tank,1000,180,1080,900,4,Quantum Autoguns,img/sc/xal0203.png
sc-xal0305,sc,XAL0305,Sprite Striker,Sniper Bot,aeon,land,Sniper Bot,3,t3_assault,Sniper Bot,500,700,25000,4950,2.3,Heavy Disruptor Cannon,img/sc/xal0305.png
sc-xas0204,sc,XAS0204,Vesper,Submarine Hunter,aeon,navy,Submarine Hunter,2,t1_sub,Submarine Hunter,1800,1100,8800,4400,6.5,Chrono Torpedo | Quasar Anti-Torpedo | Quasar Anti-Torpedo,img/sc/xas0204.png
sc-xas0306,sc,XAS0306,Torrent Class,Missile Ship,aeon,navy,Missile Ship,3,other,Missile Ship,7500,4000,40000,16000,3,Serpentine Tactical Missile Rack | Serpentine Tactical Missile Rack | Quasar Anti-Torpedo | Quasar Anti-Torpedo | Quasar Anti-Torpedo | Quasar Anti-Torpedo,img/sc/xas0306.png
sc-xea0002,sc,XEA0002,Defense Satellite,,uef,air,Defense Satellite,4,experimental,Defense Satellite,100,10000,160000,30000,9,Orbital Death Laser,img/sc/xea0002.png
sc-xea0306,sc,XEA0306,Continental,Heavy Air Transport,uef,air,Heavy Air Transport,3,t1_transport,Heavy Air Transport,4500,1400,52500,5250,17.5,Heavy Plasma Cannon | Heavy Plasma Cannon | Flayer SAM Launcher | Flayer SAM Launcher | Flayer SAM Launcher | Flayer SAM Launcher,img/sc/xea0306.png
sc-xea3204,sc,XEA3204,"C-D2 ""Rover-2""",Engineering Drone,uef,air,Engineering Drone,2,t2_engineer,Engineering Drone,50,100,1000,500,4,,img/sc/xea3204.png
sc-xeb0104,sc,XEB0104,The Kennel,Engineering Station,uef,structure,Engineering Station,2,other,Engineering Station,1000,525,2625,1000,,,img/sc/xeb0104.png
sc-xeb0204,sc,XEB0204,The Kennel,Engineering Station,uef,structure,Engineering Station,3,other,Engineering Station,2500,1050,5250,2000,,,img/sc/xeb0204.png
sc-xeb2306,sc,XEB2306,Ravager,Heavy Point Defense,uef,structure,Heavy Point Defense,3,t2_pd,Heavy Point Defense,6500,2000,17600,2000,,Heavy Plasma Gatling Cannon,img/sc/xeb2306.png
sc-xeb2402,sc,XEB2402,Novax Center,Experimental Satellite System,uef,structure,Experimental Satellite System,4,experimental,Experimental Satellite System,9000,32000,800000,43600,,,img/sc/xeb2402.png
sc-xel0209,sc,XEL0209,Sparky,Field Engineer,uef,land,Field Engineer,2,t2_engineer,Field Engineer,1040,225,1000,1000,3,Hells Fury Riot Gun,img/sc/xel0209.png
sc-xel0305,sc,XEL0305,Percival,Armored Assault Bot,uef,land,Armored Assault Bot,3,t3_assault,Armored Assault Bot,7200,1280,14000,4800,2.2,Ionized Plasma Cannon,img/sc/xel0305.png
sc-xel0306,sc,XEL0306,Spearhead,Mobile Missile Platform,uef,land,Mobile Missile Platform,3,t2_mml,Mobile Missile Platform,1700,400,3000,2400,2.8,Long Range Cruise Missile,img/sc/xel0306.png
sc-xes0102,sc,XES0102,Cooper,Torpedo Boat,uef,navy,Torpedo Boat,2,other,Torpedo Boat,2000,750,6000,3000,6,Angler Torpedo | Smart Charge AntiTorpedo,img/sc/xes0102.png
sc-xes0205,sc,XES0205,Bulwark,Shield Boat,uef,navy,Shield Boat,2,other,Shield Boat,550,900,9000,3600,5,,img/sc/xes0205.png
sc-xes0307,sc,XES0307,Neptune Class,Battlecruiser,uef,navy,Battlecruiser,3,t3_battleship,Battlecruiser,25000,7000,60000,25200,4.25,Dual-Barreled Hiro Plasma Cannon | Dual-Barreled Hiro Plasma Cannon | Angler Torpedo | Phalanx Anti-Missile | Smart Charge AntiTorpedo,img/sc/xes0307.png
sc-xra0105,sc,XRA0105,Jester,Light Gunship,cybran,air,Light Gunship,1,t2_gunship,Light Gunship,350,170,4250,850,10,Heavy Laser Autogun,img/sc/xra0105.png
sc-xra0305,sc,XRA0305,Wailer,Heavy Gunship,cybran,air,Heavy Gunship,3,t2_gunship,Heavy Gunship,5900,1500,65000,6300,10,Disintegrator Pulse Laser | Nanite Missile Launcher,img/sc/xra0305.png
sc-xrb0104,sc,XRB0104,The Hive,Engineering Station,cybran,structure,Engineering Station,2,other,Engineering Station,500,350,2100,880,,,img/sc/xrb0104.png
sc-xrb0204,sc,XRB0204,The Hive,Engineering Station,cybran,structure,Engineering Station,2,other,Engineering Station,1000,700,4200,1000,,,img/sc/xrb0204.png
sc-xrb0304,sc,XRB0304,The Hive,Engineering Station,cybran,structure,Engineering Station,2,other,Engineering Station,2000,1050,6300,1120,,,img/sc/xrb0304.png
sc-xrb2308,sc,XRB2308,HARMS,Torpedo Ambushing System,cybran,structure,Torpedo Ambushing System,3,other,Torpedo Ambushing System,9000,3000,25000,4100,,Kril Torpedo,img/sc/xrb2308.png
sc-xrb3301,sc,XRB3301,Soothsayer,Perimeter Monitoring System,cybran,structure,Perimeter Monitoring System,3,t1_radar,Perimeter Monitoring System,500,4800,60000,1195,,,img/sc/xrb3301.png
sc-xrl0002,sc,XRL0002,Crab Egg (Engineer),,cybran,structure,Crab Egg (Engineer),3,t2_factory_land,Crab Egg (Engineer),10,312,1560,780,,,img/sc/xrl0002.png
sc-xrl0003,sc,XRL0003,Crab Egg (Brick),,cybran,structure,Crab Egg (Brick),3,t2_factory_land,Crab Egg (Brick),10,1280,17600,2400,,,img/sc/xrl0003.png
sc-xrl0004,sc,XRL0004,Crab Egg (Flak),,cybran,structure,Crab Egg (Flak),2,t2_factory_land,Crab Egg (Flak),10,160,800,400,,,img/sc/xrl0004.png
sc-xrl0005,sc,XRL0005,Crab Egg (Artillery),,cybran,structure,Crab Egg (Artillery),3,t2_factory_land,Crab Egg (Artillery),10,800,8000,2150,,,img/sc/xrl0005.png
sc-xrl0302,sc,XRL0302,Fire Beetle,Mobile Bomb,cybran,land,Mobile Bomb,2,other,Mobile Bomb,1340,190,1300,700,3.8,Suicide | EMP | Detonation Trigger,img/sc/xrl0302.png
sc-xrl0305,sc,XRL0305,The Brick,Armored Assault Bot,cybran,land,Armored Assault Bot,3,t3_assault,Armored Assault Bot,7500,1280,14000,4800,2.4,Heavy Disintegrator Pulse Laser | Nanite Torpedo Launcher | Anti-Torpedo Flare,img/sc/xrl0305.png
sc-xrl0403,sc,XRL0403,Megalith,Experimental Megabot,cybran,land,Experimental Megabot,4,experimental,Experimental Megabot,110000,37500,437500,60625,2,Proton Cannon | Proton Cannon | Nanite Torpedo Launcher | Anti-Torpedo Flare | Electron Flak | Brackman Hack Peg Launcher,img/sc/xrl0403.png
sc-xrs0204,sc,XRS0204,Barracuda,Submarine Killer,cybran,navy,Submarine Killer,2,t1_sub,Submarine Killer,1430,1100,8800,4400,6.5,Nanite Torpedo | Anti-Torpedo Flare,img/sc/xrs0204.png
sc-xrs0205,sc,XRS0205,CI:18 Mermaid,Counter-Intelligence Boat,cybran,navy,Counter-Intelligence Boat,2,other,Counter-Intelligence Boat,1000,600,6000,3000,6,Anti-Torpedo Flare,img/sc/xrs0205.png
sc-xsa0101,sc,XSA0101,Sele-istle,Air Scout,seraphim,air,Air Scout,1,t1_air_scout,Air Scout,32,40,580,200,19,,img/sc/xsa0101.png
sc-xsa0102,sc,XSA0102,Ia-atha,Interceptor,seraphim,air,Interceptor,1,t1_interceptor,Interceptor,290,50,2250,500,15,Shleo AA AutoGun,img/sc/xsa0102.png
sc-xsa0103,sc,XSA0103,Sinnve,Attack Bomber,seraphim,air,Attack Bomber,1,t1_bomber,Attack Bomber,210,90,2050,500,10,Othe Tactical Bomb,img/sc/xsa0103.png
sc-xsa0104,sc,XSA0104,Vishala,Air Transport,seraphim,air,Air Transport,2,t1_transport,Air Transport,1625,330,13200,2640,14.5,Shleo AA AutoGun | Shleo AA AutoGun | Heavy Phasic Autogun,img/sc/xsa0104.png
sc-xsa0107,sc,XSA0107,Vish,Light Air Transport,seraphim,air,Light Air Transport,1,t1_transport,Light Air Transport,500,120,4800,800,10.75,Weapon Guidance System,img/sc/xsa0107.png
sc-xsa0202,sc,XSA0202,Notha,Fighter/Bomber,seraphim,air,Fighter/Bomber,2,t2_bomber,Fighter/Bomber,1000,420,8400,2400,15,Shleo AA Autogun | Shleo AA Autogun | Othe Tactical Bomb,img/sc/xsa0202.png
sc-xsa0203,sc,XSA0203,Vulthoo,Gunship,seraphim,air,Gunship,2,t2_gunship,Gunship,1800,500,10000,2700,11,Heavy Phasic Autogun | Heavy Phasic Autogun,img/sc/xsa0203.png
sc-xsa0204,sc,XSA0204,Uosioz,Torpedo Bomber,seraphim,air,Torpedo Bomber,2,t2_bomber,Torpedo Bomber,840,270,8000,1600,15,Cavitation Cluster Torpedo,img/sc/xsa0204.png
sc-xsa0302,sc,XSA0302,Iaselen,Spy Plane,seraphim,air,Spy Plane,3,t1_air_scout,Spy Plane,1100,195,7500,900,27,,img/sc/xsa0302.png
sc-xsa0303,sc,XSA0303,Iazyne,Air Superiority Fighter,seraphim,air,Air Superiority Fighter,3,t3_asf,Air Superiority Fighter,2275,450,51200,3840,22,Losaare AA Autocannon,img/sc/xsa0303.png
sc-xsa0304,sc,XSA0304,Sinntha,Strategic Bomber,seraphim,air,Strategic Bomber,3,t3_strat_bomber,Strategic Bomber,3900,1750,180000,12000,17,Zhanasee Strategic Bomb,img/sc/xsa0304.png
sc-xsa0402,sc,XSA0402,Ahwassa,Experimental Bomber,seraphim,air,Experimental Bomber,4,experimental,Experimental Bomber,52000,48000,1920000,67500,18,Othe Tactical Bomb | Losaare AA Autocannon | Losaare AA Autocannon | Losaare AA Autocannon | Losaare AA Autocannon,img/sc/xsa0402.png
sc-xsb0101,sc,XSB0101,Hethiya,Land Factory,seraphim,structure,Land Factory,1,t1_factory_land,Land Factory,3500,240,2100,300,,,img/sc/xsb0101.png
sc-xsb0102,sc,XSB0102,Ia-iya,Air Factory,seraphim,structure,Air Factory,1,t1_factory_air,Air Factory,3500,210,2400,300,,,img/sc/xsb0102.png
sc-xsb0103,sc,XSB0103,Uosiya,Naval Factory,seraphim,structure,Naval Factory,1,t1_factory_naval,Naval Factory,4000,300,1500,300,,,img/sc/xsb0103.png
sc-xsb0201,sc,XSB0201,Hethiya,Land Factory HQ,seraphim,structure,Land Factory HQ,2,t2_factory_land,Land Factory HQ,7200,1410,11200,2300,,,img/sc/xsb0201.png
sc-xsb0202,sc,XSB0202,Ia-iya,Air Factory HQ,seraphim,structure,Air Factory HQ,2,t2_factory_air,Air Factory HQ,7200,920,18000,2300,,,img/sc/xsb0202.png
sc-xsb0203,sc,XSB0203,Uosiya,Naval Factory HQ,seraphim,structure,Naval Factory HQ,2,t2_factory_naval,Naval Factory HQ,14000,2000,10000,3200,,,img/sc/xsb0203.png
sc-xsb0301,sc,XSB0301,Hethiya,Land Factory HQ,seraphim,structure,Land Factory HQ,3,t2_factory_land,Land Factory HQ,14000,5220,47400,12000,,,img/sc/xsb0301.png
sc-xsb0302,sc,XSB0302,Ia-iya,Air Factory HQ,seraphim,structure,Air Factory HQ,3,t2_factory_air,Air Factory HQ,14000,4090,99400,12000,,,img/sc/xsb0302.png
sc-xsb0303,sc,XSB0303,Uosiya,Naval Factory HQ,seraphim,structure,Naval Factory HQ,3,t2_factory_naval,Naval Factory HQ,23000,9500,45000,21600,,,img/sc/xsb0303.png
sc-xsb0304,sc,XSB0304,Aezthu-uhthe,Quantum Gateway,seraphim,structure,Quantum Gateway,3,other,Quantum Gateway,10000,3000,30000,4097,,,img/sc/xsb0304.png
sc-xsb1101,sc,XSB1101,Uya-iya,Power Generator,seraphim,structure,Power Generator,1,t1_energy,Power Generator,550,75,750,125,,,img/sc/xsb1101.png
sc-xsb1102,sc,XSB1102,Uya-atoh,Hydrocarbon Power Plant,seraphim,structure,Hydrocarbon Power Plant,1,t1_energy,Hydrocarbon Power Plant,1700,160,800,400,,,img/sc/xsb1102.png
sc-xsb1103,sc,XSB1103,Hyalatoh,Mass Extractor,seraphim,structure,Mass Extractor,1,t1_mex,Mass Extractor,380,36,360,60,,,img/sc/xsb1103.png
sc-xsb1104,sc,XSB1104,Hyaliya,Mass Fabricator,seraphim,structure,Mass Fabricator,2,t1_fab,Mass Fabricator,360,200,4000,500,,,img/sc/xsb1104.png
sc-xsb1105,sc,XSB1105,Vishuyal,Energy Storage,seraphim,structure,Energy Storage,1,other,Energy Storage,500,250,1200,200,,,img/sc/xsb1105.png
sc-xsb1106,sc,XSB1106,Vishyal,Mass Storage,seraphim,structure,Mass Storage,1,other,Mass Storage,700,200,1500,250,,,img/sc/xsb1106.png
sc-xsb1201,sc,XSB1201,Uya-iya,Power Generator,seraphim,structure,Power Generator,2,t2_energy,Power Generator,2400,1200,12000,2198,,,img/sc/xsb1201.png
sc-xsb1202,sc,XSB1202,Hyalatoh,Mass Extractor,seraphim,structure,Mass Extractor,2,t2_mex,Mass Extractor,1950,900,5400,900,,,img/sc/xsb1202.png
sc-xsb1301,sc,XSB1301,Uya-iya,Power Generator,seraphim,structure,Power Generator,3,t3_energy,Power Generator,7000,3240,57600,6824,,,img/sc/xsb1301.png
sc-xsb1302,sc,XSB1302,Hyalatoh,Mass Extractor,seraphim,structure,Mass Extractor,3,t2_mex,Mass Extractor,6750,4600,31625,2875,,,img/sc/xsb1302.png
sc-xsb1303,sc,XSB1303,Hyaliya,Mass Fabricator,seraphim,structure,Mass Fabricator,3,t1_fab,Mass Fabricator,6000,4000,120000,5000,,,img/sc/xsb1303.png
sc-xsb2101,sc,XSB2101,Uttaus,Point Defense,seraphim,structure,Point Defense,1,t1_pd,Point Defense,1300,250,2000,250,,Twin Barreled Oh Spectra Cannon,img/sc/xsb2101.png
sc-xsb2104,sc,XSB2104,Ialla,Anti-Air Turret,seraphim,structure,Anti-Air Turret,1,t1_aa_turret,Anti-Air Turret,800,150,1500,188,,Shleo AA AutoGun,img/sc/xsb2104.png
sc-xsb2108,sc,XSB2108,Ythis,Tactical Missile Launcher,seraphim,structure,Tactical Missile Launcher,2,tml,Tactical Missile Launcher,900,825,4500,700,,Laanse Tactical Missile Launcher,img/sc/xsb2108.png
sc-xsb2109,sc,XSB2109,Sou-atha,Torpedo Launcher,seraphim,structure,Torpedo Launcher,1,other,Torpedo Launcher,1650,450,3600,450,,Uall Cavitation Torpedo Launcher,img/sc/xsb2109.png
sc-xsb2204,sc,XSB2204,Sinnatha,Anti-Air Flak Artillery,seraphim,structure,Anti-Air Flak Artillery,2,t2_flak,Anti-Air Flak Artillery,2520,400,4000,540,,Olaris AA Artillery Cannon,img/sc/xsb2204.png
sc-xsb2205,sc,XSB2205,Uosthu,Torpedo Launcher,seraphim,structure,Torpedo Launcher,2,other,Torpedo Launcher,4800,1080,9000,1446,,Heavy Cavitation Torpedo Cluster | Ajellu Anti-Torpedo Defense,img/sc/xsb2205.png
sc-xsb2301,sc,XSB2301,Uttaushala,Point Defense,seraphim,structure,Point Defense,2,t2_pd,Point Defense,2100,540,3780,675,,Ultrachromatic Beam Generator,img/sc/xsb2301.png
sc-xsb2302,sc,XSB2302,Hovatham,Heavy Artillery Installation,seraphim,structure,Heavy Artillery Installation,3,t3_arty_static,Heavy Artillery Installation,13500,73000,1369000,113400,,Suthanus Heavy Artillery Cannon,img/sc/xsb2302.png
sc-xsb2303,sc,XSB2303,Zthuthaam,Artillery Installation,seraphim,structure,Artillery Installation,2,t2_arty,Artillery Installation,2850,2000,14300,1600,,Zthuthaam Artillery Cannon,img/sc/xsb2303.png
sc-xsb2304,sc,XSB2304,Iathu-ioz,Anti-Air SAM Launcher,seraphim,structure,Anti-Air SAM Launcher,3,t2_flak,Anti-Air SAM Launcher,5000,800,8000,1400,,Losaare AA Autocannon,img/sc/xsb2304.png
sc-xsb2305,sc,XSB2305,Hastue,Strategic Missile Launcher,seraphim,structure,Strategic Missile Launcher,3,nuke,Strategic Missile Launcher,4000,16500,412500,25000,,Inaino Strategic Missile Launcher,img/sc/xsb2305.png
sc-xsb2401,sc,XSB2401,Yolona Oss,Experimental Missile Launcher,seraphim,structure,Experimental Missile Launcher,4,experimental,Experimental Missile Launcher,12000,187650,10008000,250000,,Experimental Strategic Missile Launcher,img/sc/xsb2401.png
sc-xsb3101,sc,XSB3101,Esel,Radar System,seraphim,structure,Radar System,1,t1_radar,Radar System,10,80,720,80,,,img/sc/xsb3101.png
sc-xsb3102,sc,XSB3102,Shou,Sonar System,seraphim,structure,Sonar System,1,t1_radar,Sonar System,500,150,1250,125,,,img/sc/xsb3102.png
sc-xsb3104,sc,XSB3104,Aezesel,Omni Sensor Suite,seraphim,structure,Omni Sensor Suite,3,t1_radar,Omni Sensor Suite,100,2400,30000,2400,,,img/sc/xsb3104.png
sc-xsb3201,sc,XSB3201,Sele-esel,Radar System,seraphim,structure,Radar System,2,t1_radar,Radar System,50,180,3600,780,,,img/sc/xsb3201.png
sc-xsb3202,sc,XSB3202,Shou-esel,Sonar System,seraphim,navy,Sonar System,2,t1_sub,Sonar System,1400,400,9600,1040,2.8,,img/sc/xsb3202.png
sc-xsb4201,sc,XSB4201,Ythisatha,Tactical Missile Defense,seraphim,structure,Tactical Missile Defense,2,tml,Tactical Missile Defense,975,280,3200,400,,Ele-athrun Tactical Missile Defense,img/sc/xsb4201.png
sc-xsb4202,sc,XSB4202,Atha,Shield Generator,seraphim,structure,Shield Generator,2,shield,Shield Generator,400,700,7000,1250,,,img/sc/xsb4202.png
sc-xsb4203,sc,XSB4203,Sele-ioz,Stealth Field Generator,seraphim,structure,Stealth Field Generator,2,t1_radar,Stealth Field Generator,200,378,5670,626,,,img/sc/xsb4203.png
sc-xsb4301,sc,XSB4301,Athanuhthe,Heavy Shield Generator,seraphim,structure,Heavy Shield Generator,3,shield,Heavy Shield Generator,600,3600,60000,5800,,,img/sc/xsb4301.png
sc-xsb4302,sc,XSB4302,Ythisioz,Strategic Missile Defense,seraphim,structure,Strategic Missile Defense,3,antinuke,Strategic Missile Defense,3800,7500,105000,5841,,Hu Strategic Missile Defense,img/sc/xsb4302.png
sc-xsb5101,sc,XSB5101,Haas,Wall Section,seraphim,structure,Wall Section,1,wall,Wall Section,500,3,20,15,,,img/sc/xsb5101.png
sc-xsb5202,sc,XSB5202,Iathu-uhthe,Air Staging Beacon,seraphim,structure,Air Staging Beacon,1,other,Air Staging Beacon,500,175,2100,350,,,img/sc/xsb5202.png
sc-xsl0001,sc,XSL0001,Armored Command Unit,,seraphim,commander,Armored Command Unit,0,commander,Armored Command Unit,11500,2000,5000000,6000000,1.7,Chronotron Cannon | Overcharge Cannon | AutoOvercharge Cannon | Laanse Tactical Missile Launcher,img/sc/xsl0001.png
sc-xsl0101,sc,XSL0101,Selen,Combat Scout,seraphim,land,Combat Scout,1,t1_land_scout,Combat Scout,35,20,80,90,3.8,Phasic Autogun,img/sc/xsl0101.png
sc-xsl0103,sc,XSL0103,Zthuee,Mobile Light Artillery,seraphim,land,Mobile Light Artillery,1,t1_arty,Mobile Light Artillery,170,54,180,290,2.7,Thuntho Artillery Cannon,img/sc/xsl0103.png
sc-xsl0104,sc,XSL0104,Ia-istle,Mobile Anti-Air Gun,seraphim,land,Mobile Anti-Air Gun,1,t1_aa,Mobile Anti-Air Gun,310,55,275,220,3.4,Shleo AA AutoGun,img/sc/xsl0104.png
sc-xsl0105,sc,XSL0105,Iya-istle,Engineer,seraphim,land,Engineer,1,t1_engineer,Engineer,125,52,260,260,1.9,,img/sc/xsl0105.png
sc-xsl0111,sc,XSL0111,Ythisah,Mobile Missile Launcher,seraphim,land,Mobile Missile Launcher,2,t2_mml,Mobile Missile Launcher,800,180,1350,800,2.95,Laanse Tactical Missile Launcher,img/sc/xsl0111.png
sc-xsl0201,sc,XSL0201,Thaam,Medium Tank,seraphim,land,Medium Tank,1,t1_tank,Medium Tank,280,54,270,290,3.5,Oh Spectra Cannon,img/sc/xsl0201.png
sc-xsl0202,sc,XSL0202,Ilshavoh,Assault Bot,seraphim,land,Assault Bot,2,t2_tank,Assault Bot,2500,360,1800,1600,2.6,Aire-au Bolter,img/sc/xsl0202.png
sc-xsl0203,sc,XSL0203,Yenzyne,Hover Tank,seraphim,land,Hover Tank,2,t2_tank,Hover Tank,1350,220,1320,1050,4,Tau Cannon,img/sc/xsl0203.png
sc-xsl0205,sc,XSL0205,Iashavoh,Mobile AA Flak Artillery,seraphim,land,Mobile AA Flak Artillery,2,t2_flak,Mobile AA Flak Artillery,1000,160,800,800,2.6,Olaris AA Artillery Cannon,img/sc/xsl0205.png
sc-xsl0208,sc,XSL0208,Iya,Engineer,seraphim,land,Engineer,2,t2_engineer,Engineer,350,130,650,650,1.9,,img/sc/xsl0208.png
sc-xsl0301,sc,XSL0301,Support Armored Command Unit,,seraphim,land,Support Armored Command Unit,3,t3_engineer,Support Armored Command Unit,15500,2400,30200,14400,2.2,Light Chronotron Cannon | Light Overcharge Cannon | Light AutoOvercharge Cannon | Laanse Tactical Missile Launcher,img/sc/xsl0301.png
sc-xsl0303,sc,XSL0303,Othuum,Siege Tank,seraphim,land,Siege Tank,3,t3_assault,Siege Tank,4700,840,9600,3600,2.85,Aire-au Bolter | Aire-au Bolter | Thau Cannon | Uall Cavitation Torpedo Launcher,img/sc/xsl0303.png
sc-xsl0304,sc,XSL0304,Suthanus,Mobile Heavy Artillery,seraphim,land,Mobile Heavy Artillery,3,t3_arty,Mobile Heavy Artillery,925,800,8000,4300,2.2,Suthanus Heavy Artillery Cannon,img/sc/xsl0304.png
sc-xsl0305,sc,XSL0305,Usha-Ah,Sniper Bot,seraphim,land,Sniper Bot,3,t3_assault,Sniper Bot,700,780,27000,5400,2.2,DummyWeapon | Sih Energy Rifle | Sih Energy Rifle Sniper Mode,img/sc/xsl0305.png
sc-xsl0307,sc,XSL0307,Athanah,Mobile Shield Generator,seraphim,land,Mobile Shield Generator,3,other,Mobile Shield Generator,400,720,6400,3600,4,,img/sc/xsl0307.png
sc-xsl0309,sc,XSL0309,Iyathuum,Engineer,seraphim,land,Engineer,3,t3_engineer,Engineer,700,312,1560,1560,1.9,,img/sc/xsl0309.png
sc-xsl0401,sc,XSL0401,Ythotha,Experimental Assault Bot,seraphim,land,Experimental Assault Bot,4,experimental,Experimental Assault Bot,67000,26500,330000,46875,2.5,Phason Beam Generator | Gatling Plasma Cannon | Heavy Sinn Unthe Cannon | Olaris AA Artillery Cannon | Olaris AA Artillery Cannon,img/sc/xsl0401.png
sc-xss0103,sc,XSS0103,Hau-esel,Frigate,seraphim,navy,Frigate,1,t1_frigate,Frigate,2000,270,2700,1350,6,Shie-eih Auto-Cannon | Shleo AA AutoGun,img/sc/xss0103.png
sc-xss0201,sc,XSS0201,Uashavoh,Destroyer,seraphim,navy,Destroyer,2,t2_destroyer,Destroyer,6900,2250,15000,10000,5,Front Ultrachromatic Beam Generator | Rear Ultrachromatic Beam Generator | Ana-it Torpedo Launcher | Ajellu Anti-Torpedo Defense,img/sc/xss0201.png
sc-xss0202,sc,XSS0202,Ithalua,Cruiser,seraphim,navy,Cruiser,2,t2_cruiser,Cruiser,2700,2000,18000,8000,4.5,Laanse Tactical Missile Launcher | Olaris AA Artillery Cannon | Cleo AA Gatling Gun | Ele-athrun Tactical Missile Defense,img/sc/xss0202.png
sc-xss0203,sc,XSS0203,Sou-istle,Attack Submarine,seraphim,navy,Attack Submarine,1,t1_sub,Attack Submarine,610,360,2880,1440,6,Uall Cavitation Torpedo | Ajellu Anti-Torpedo Defense | Oh Spectra Cannon,img/sc/xss0203.png
sc-xss0302,sc,XSS0302,Hauthuum,Battleship,seraphim,navy,Battleship,3,t3_battleship,Battleship,49000,9000,54000,28800,3.2,Heavy Quarnon Cannon | Heavy Quarnon Cannon | Heavy Quarnon Cannon | Ele-athrun Tactical Missile Defense | Ele-athrun Tactical Missile Defense | Olaris AA Artillery Cannon | Olaris AA Artillery Cannon | Inaino Strategic Missile Launcher,img/sc/xss0302.png
sc-xss0303,sc,XSS0303,Iavish,Aircraft Carrier,seraphim,navy,Aircraft Carrier,3,t3_battleship,Aircraft Carrier,24000,4400,44000,13200,3,Laanse Tactical Missile Launcher | Losaare AA Autocannon | Losaare AA Autocannon | Ele-athrun Tactical Missile Defense,img/sc/xss0303.png
sc-xss0304,sc,XSS0304,Yathsou,Submarine Hunter,seraphim,navy,Submarine Hunter,3,t1_sub,Submarine Hunter,3600,3000,24000,14400,4.8,Uall Cavitation Torpedo | Ajellu Anti-Torpedo Defense | Ajellu Anti-Torpedo Defense | Losaare AA Autocannon,img/sc/xss0304.png
sc-zab9501,sc,ZAB9501,Land Factory,,aeon,structure,Land Factory,2,t2_factory_land,Land Factory,3200,580,4800,1200,,,img/sc/zab9501.png
sc-zab9502,sc,ZAB9502,Air Factory,,aeon,structure,Air Factory,2,t2_factory_air,Air Factory,3200,510,8000,1200,,,img/sc/zab9502.png
sc-zab9503,sc,ZAB9503,Naval Factory,,aeon,structure,Naval Factory,2,t2_factory_naval,Naval Factory,6400,1100,5500,2000,,,img/sc/zab9503.png
sc-zab9601,sc,ZAB9601,Land Factory,,aeon,structure,Land Factory,3,t2_factory_land,Land Factory,6400,1440,11600,3200,,,img/sc/zab9601.png
sc-zab9602,sc,ZAB9602,Air Factory,,aeon,structure,Air Factory,3,t2_factory_air,Air Factory,6400,1510,34000,3200,,,img/sc/zab9602.png
sc-zab9603,sc,ZAB9603,Naval Factory,,aeon,structure,Naval Factory,3,t2_factory_naval,Naval Factory,12800,2200,11000,10800,,,img/sc/zab9603.png
sc-zeb9501,sc,ZEB9501,Land Factory,,uef,structure,Land Factory,2,t2_factory_land,Land Factory,4000,580,4800,1200,,,img/sc/zeb9501.png
sc-zeb9502,sc,ZEB9502,Air Factory,,uef,structure,Air Factory,2,t2_factory_air,Air Factory,4000,510,8000,1200,,,img/sc/zeb9502.png
sc-zeb9503,sc,ZEB9503,Naval Factory,,uef,structure,Naval Factory,2,t2_factory_naval,Naval Factory,8000,1100,5500,2000,,,img/sc/zeb9503.png
sc-zeb9601,sc,ZEB9601,Support Land Factory,,uef,structure,Support Land Factory,3,t2_factory_land,Support Land Factory,8000,1440,11600,3200,,,img/sc/zeb9601.png
sc-zeb9602,sc,ZEB9602,Air Factory,,uef,structure,Air Factory,3,t2_factory_air,Air Factory,8000,1510,34000,3200,,,img/sc/zeb9602.png
sc-zeb9603,sc,ZEB9603,Naval Factory,,uef,structure,Naval Factory,3,t2_factory_naval,Naval Factory,16000,2200,11000,10800,,,img/sc/zeb9603.png
sc-zrb9501,sc,ZRB9501,Land Factory,,cybran,structure,Land Factory,2,t2_factory_land,Land Factory,2750,580,4800,1200,,,img/sc/zrb9501.png
sc-zrb9502,sc,ZRB9502,Air Factory,,cybran,structure,Air Factory,2,t2_factory_air,Air Factory,2750,510,8000,1200,,,img/sc/zrb9502.png
sc-zrb9503,sc,ZRB9503,Naval Factory,,cybran,structure,Naval Factory,2,t2_factory_naval,Naval Factory,5500,1100,5500,2000,,,img/sc/zrb9503.png
sc-zrb9601,sc,ZRB9601,Land Factory,,cybran,structure,Land Factory,3,t2_factory_land,Land Factory,5500,1440,11600,3200,,,img/sc/zrb9601.png
sc-zrb9602,sc,ZRB9602,Air Factory,,cybran,structure,Air Factory,3,t2_factory_air,Air Factory,5500,1510,34000,3200,,,img/sc/zrb9602.png
sc-zrb9603,sc,ZRB9603,Naval Factory,,cybran,structure,Naval Factory,3,t2_factory_naval,Naval Factory,11000,2200,11000,10800,,,img/sc/zrb9603.png
sc-zsb9501,sc,ZSB9501,Hethiya,Land Factory,seraphim,structure,Land Factory,2,t2_factory_land,Land Factory,3500,580,4800,1200,,,img/sc/zsb9501.png
sc-zsb9502,sc,ZSB9502,Ia-iya,Air Factory,seraphim,structure,Air Factory,2,t2_factory_air,Air Factory,3500,510,8000,1200,,,img/sc/zsb9502.png
sc-zsb9503,sc,ZSB9503,Uosiya,Naval Factory,seraphim,structure,Naval Factory,2,t2_factory_naval,Naval Factory,7000,1100,5500,2000,,,img/sc/zsb9503.png
sc-zsb9601,sc,ZSB9601,Hethiya,Land Factory,seraphim,structure,Land Factory,3,t2_factory_land,Land Factory,7000,1440,11600,3200,,,img/sc/zsb9601.png
sc-zsb9602,sc,ZSB9602,Ia-iya,Air Factory,seraphim,structure,Air Factory,3,t2_factory_air,Air Factory,7000,1510,34000,3200,,,img/sc/zsb9602.png
sc-zsb9603,sc,ZSB9603,Uosiya,Naval Factory,seraphim,structure,Naval Factory,3,t2_factory_naval,Naval Factory,14000,2200,11000,10800,,,img/sc/zsb9603.png
bar-corfort,bar,corfort,Fortification Wall,Advanced Fortification,core,structure,Advanced Fortification,2,wall,Advanced Fortification,8900,40,500,900,,,img/bar/corfort.png
bar-corfdrag,bar,corfdrag,Shark's Teeth,Naval Fortification,core,structure,Naval Fortification,1,wall,Naval Fortification,4450,15,0,400,,,img/bar/corfdrag.png
bar-coruwadves,bar,coruwadves,Hardened Energy Storage,Increases Energy Storage (40000),core,structure,Increases Energy Storage (40000),2,t2_energy,Increases Energy Storage (40000),12700,840,11000,20400,,,img/bar/coruwadves.png
bar-armdecom,bar,armdecom,Commander,Decoy Commander,arm,commander,Decoy Commander,2,commander,Decoy Commander,3700,770,12000,30000,37.5,Decoy-disintegrator | Light close-quarters g2g laser | J7NSLaser,img/bar/armdecom.png
bar-armca,bar,armca,Construction Aircraft,Tech 1 Constructor,arm,air,Tech 1 Constructor,1,t1_engineer,Tech 1 Constructor,156,110,3000,7960,208.2,,img/bar/armca.png
bar-armhvytrans,bar,armhvytrans,Osprey,Heavy Transport,arm,air,Heavy Transport,1,t1_transport,Heavy Transport,630,190,4000,8500,110,,img/bar/armhvytrans.png
bar-armdecade,bar,armdecade,Dolphin,Fast Assault Corvette,arm,navy,Fast Assault Corvette,1,t1_frigate,Fast Assault Corvette,970,175,1500,2450,104.7,Rapid-fire close-quarters plasma turret,img/bar/armdecade.png
bar-legrail,bar,legrail,Lance,Long-range Skirmisher / Anti-air,legion,land,Long-range Skirmisher / Anti-air,1,t1_aa,Long-range Skirmisher / Anti-air,1100,240,3800,3800,46.5,Railgun | Railgun,img/bar/legrail.png
bar-legavroc,bar,legavroc,Boreas,Stealthy Mobile Rocket Launcher,legion,land,Stealthy Mobile Rocket Launcher,2,t2_mml,Stealthy Mobile Rocket Launcher,1220,920,6500,20130,33.0,Heavy Long-Range g2g High-Trajectory Starburst Rocket Launcher,img/bar/legavroc.png
bar-corfhp,bar,corfhp,Naval Hovercraft Platform,Builds Hovercraft,core,structure,Builds Hovercraft,1,t1_factory_land,Builds Hovercraft,3750,670,2000,8700,,,img/bar/corfhp.png
bar-legrl,bar,legrl,Bramble,Light Anti-Air Tower,legion,other,Light Anti-Air Tower,1,t1_aa,Light Anti-Air Tower,335,80,850,1750,,Light g2a Missile Launcher,img/bar/legrl.png
bar-leganavalpinpointer,bar,leganavalpinpointer,Naval Pinpointer,"Enhances Radar Targeting, more facilities reduce radar wobble",legion,other,"Enhances Radar Targeting, more facilities reduce radar wobble",2,t1_radar,"Enhances Radar Targeting, more facilities reduce radar wobble",1530,800,7500,10300,,,img/bar/leganavalpinpointer.png
bar-armavp,bar,armavp,Advanced Vehicle Plant,Produces Tech 2 Vehicles,arm,structure,Produces Tech 2 Vehicles,2,t2_factory_land,Produces Tech 2 Vehicles,4750,2600,14000,27000,,,img/bar/armavp.png
bar-corspy,bar,corspy,Spectre,Radar-Invisible Spy Bot,core,land,Radar-Invisible Spy Bot,2,other,Radar-Invisible Spy Bot,380,165,12500,12000,62.099,Dummy Weapon,img/bar/corspy.png
bar-armcom,bar,armcom,Armada Commander,Commander,arm,commander,Commander,0,commander,Commander,3700,2700,26000,75000,37.5,Disintegrator | Light close-quarters g2g/g2a laser | Light underwater-combat laser,img/bar/armcom.png
bar-corah,bar,corah,Birdeater,Anti-Air Hovercraft,core,land,Anti-Air Hovercraft,1,t1_aa,Anti-Air Hovercraft,1120,250,4700,3650,88.5,Missiles | Missiles,img/bar/corah.png
bar-armvulc,bar,armvulc,Ragnarok,Rapid-Fire Long-Range Plasma Cannon,arm,structure,Rapid-Fire Long-Range Plasma Cannon,2,experimental,Rapid-Fire Long-Range Plasma Cannon,32000,70000,830000,1400000,,Rapid-fire long-range plasma cannon,img/bar/armvulc.png
bar-corape,bar,corape,Wasp,Gunship,core,air,Gunship,2,t2_gunship,Gunship,1560,370,6800,18000,159,Heavy a2g shrapnel rockets,img/bar/corape.png
bar-legspfighter,bar,legspfighter,Astrapios,Seaplane Fighter,legion,air,Seaplane Fighter,1,t1_interceptor,Seaplane Fighter,220,90,4500,6540,310.79999,Light Salvo Missile Launcher,img/bar/legspfighter.png
bar-legavjam,bar,legavjam,Cicero,Mobile Radar Jammer Vehicle,legion,land,Mobile Radar Jammer Vehicle,2,other,Mobile Radar Jammer Vehicle,510,105,1900,6930,41,,img/bar/legavjam.png
bar-legavrad,bar,legavrad,Pheme,Mobile Radar Vehicle,legion,land,Mobile Radar Vehicle,2,t1_radar,Mobile Radar Vehicle,980,125,2000,7290,57,,img/bar/legavrad.png
bar-corsy,bar,corsy,Shipyard,Produces Tech 1 Ships,core,structure,Produces Tech 1 Ships,1,t1_factory_naval,Produces Tech 1 Ships,4300,450,950,5100,,,img/bar/corsy.png
bar-corcs,bar,corcs,Construction Ship,Tech 1 Constructor,core,navy,Tech 1 Constructor,1,t1_engineer,Tech 1 Constructor,1080,200,2000,3700,60,,img/bar/corcs.png
bar-legsplab,bar,legsplab,Offshore Seaplane Platform,Constructs Seaplanes,legion,other,Constructs Seaplanes,1,t1_factory_air,Constructs Seaplanes,2200,1400,5500,11800,,,img/bar/legsplab.png
bar-coruwgeo,bar,coruwgeo,Offshore Geothermal Powerplant,Produces 300 Energy,core,structure,Produces 300 Energy,1,t1_energy,Produces 300 Energy,,,,12900,,,img/bar/coruwgeo.png
bar-armjamt,bar,armjamt,Sneaky Pete,Jammer Tower,arm,structure,Jammer Tower,1,other,Jammer Tower,790,240,8500,9950,,,img/bar/armjamt.png
bar-legmrv,bar,legmrv,Quickshot,Fast Burst-Fire Raiding Vehicle,legion,land,Fast Burst-Fire Raiding Vehicle,2,t2_tank,Fast Burst-Fire Raiding Vehicle,970,250,4100,5900,135,Two-Round Burst Fire Plasma Cannon,img/bar/legmrv.png
bar-armasy,bar,armasy,Advanced Shipyard,Produces Tech 2 Ships,arm,structure,Produces Tech 2 Ships,2,t2_factory_naval,Produces Tech 2 Ships,6000,2900,9700,24000,,,img/bar/armasy.png
bar-corsjam,bar,corsjam,Phantasm,Radar Jammer Ship,core,navy,Radar Jammer Ship,2,other,Radar Jammer Ship,1450,280,4200,17000,40,,img/bar/corsjam.png
bar-legaap,bar,legaap,Legion Advanced Aircraft Plant,Advanced Aircraft Plant,legion,other,Advanced Aircraft Plant,2,t2_factory_air,Advanced Aircraft Plant,3900,2900,28000,31050,,,img/bar/legaap.png
bar-coradvsol,bar,coradvsol,Advanced Solar Collector,Produces 80 Energy,core,structure,Produces 80 Energy,1,t1_energy,Produces 80 Energy,1200,370,4000,8150,,,img/bar/coradvsol.png
bar-corbw,bar,corbw,Shuriken,Light Paralyzer Drone,core,air,Light Paralyzer Drone,1,other,Light Paralyzer Drone,83,58,1300,2070,280.5,Light EMP laser,img/bar/corbw.png
bar-legavantinuke,bar,legavantinuke,Hera,Mobile Anti-nuke Vehicle,legion,land,Mobile Anti-nuke Vehicle,2,antinuke,Mobile Anti-nuke Vehicle,720,1100,36000,51300,58,ICBM Interceptor Missile Launcher,img/bar/legavantinuke.png
bar-corcom,bar,corcom,Cortex Commander,Commander,core,commander,Commander,0,commander,Commander,3700,2700,26000,75000,37.5,Disintegrator | J7NSLaser | J7Laser,img/bar/corcom.png
bar-armrad,bar,armrad,Radar Tower,Early Warning System,arm,structure,Early Warning System,1,t1_radar,Early Warning System,90,60,630,1140,,,img/bar/armrad.png
bar-armthund,bar,armthund,Stormbringer,Bomber,arm,air,Bomber,1,t1_bomber,Bomber,670,145,4200,4780,250,Light a2g impulse warheads,img/bar/armthund.png
bar-legrezbot,bar,legrezbot,Zagreus,Stealthy Resurrection / Repair / Reclaim Bot,legion,land,Stealthy Resurrection / Repair / Reclaim Bot,1,other,Stealthy Resurrection / Repair / Reclaim Bot,220,130,1400,2800,78,,img/bar/legrezbot.png
bar-leganavalmex,bar,leganavalmex,Advanced Underwater Metal Extractor,Advanced Underwater Metal Extractor / Storage,legion,other,Advanced Underwater Metal Extractor / Storage,2,t2_mex,Advanced Underwater Metal Extractor / Storage,3900,640,8100,14100,,,img/bar/leganavalmex.png
bar-armlatnk,bar,armlatnk,Jaguar,Lightning Tank,arm,land,Lightning Tank,2,t2_flak,Lightning Tank,1060,330,6400,8000,90,Close-quarters lightning turret | Light g2a missile launcher,img/bar/armlatnk.png
bar-armjuno,bar,armjuno,Juno,Anti Radar / Jammer / Minefield / ScoutSpam Weapon,arm,structure,Anti Radar / Jammer / Minefield / ScoutSpam Weapon,1,other,Anti Radar / Jammer / Minefield / ScoutSpam Weapon,2350,640,17000,21800,,Anti radar/minefield/jammer magnetic impulse rocket,img/bar/armjuno.png
bar-legperdition,bar,legperdition,Perdition,Long Range Napalm Launcher,legion,structure,Long Range Napalm Launcher,2,other,Long Range Napalm Launcher,4000,1250,15000,62000,,Long-Range Tactical Hellfire Napalm Shell,img/bar/legperdition.png
bar-legdrag,bar,legdrag,Dragon's Teeth,Fortification,legion,structure,Fortification,1,wall,Fortification,2800,8,0,255,,,img/bar/legdrag.png
bar-armbanth,bar,armbanth,Titan,Assault Mech,arm,land,Assault Mech,3,experimental,Assault Mech,69000,13500,286000,360000,45.6,BanthStep | High-energy long-range g2g/g2a lazor of DEEEEEEWWWWWWMMMMMM | Close-quarters impulsion blaster | Heavy g2g/g2a guided starburst missile launcher,img/bar/armbanth.png
bar-corbuzz,bar,corbuzz,Calamity,Rapid-Fire Long-Range Plasma Cannon,core,structure,Rapid-Fire Long-Range Plasma Cannon,2,experimental,Rapid-Fire Long-Range Plasma Cannon,33500,68000,800000,1400000,,Rapid-fire long-range plasma cannon,img/bar/corbuzz.png
bar-legmohocon,bar,legmohocon,Advanced Metal Fortifier,Advanced Metal Extractor and Construction Turret,legion,other,Advanced Metal Extractor and Construction Turret,2,other,Advanced Metal Extractor and Construction Turret,3900,1060,14500,19400,,,img/bar/legmohocon.png
bar-armmark,bar,armmark,Compass,Radar Bot,arm,land,Radar Bot,2,t1_radar,Radar Bot,355,100,1250,5000,40.5,,img/bar/armmark.png
bar-armhlt,bar,armhlt,Overwatch,Area Control Laser Tower,arm,structure,Area Control Laser Tower,1,t1_pd,Area Control Laser Tower,2600,440,4700,11300,,Heavy g2g high energy laser,img/bar/armhlt.png
bar-cormoho,bar,cormoho,Advanced Metal Extractor,Advanced Metal Extractor / Storage,core,structure,Advanced Metal Extractor / Storage,2,t2_mex,Advanced Metal Extractor / Storage,3900,640,8100,14100,,,img/bar/cormoho.png
bar-corcut,bar,corcut,Cutlass,Seaplane Gunship,core,air,Seaplane Gunship,1,t2_gunship,Seaplane Gunship,1010,230,5400,11500,152.39999,RiotCannon,img/bar/corcut.png
bar-legfort,bar,legfort,Tyrannus,Flying Kinetic Multi-Weapon Fortress,legion,air,Flying Kinetic Multi-Weapon Fortress,2,other,Flying Kinetic Multi-Weapon Fortress,16700,5600,79000,119750,93.0,PlasmaCannon | Burst-fire Machine Gun | Advanced d2a rapid missile launcher,img/bar/legfort.png
bar-corcrash,bar,corcrash,Trasher,Amphibious Anti-air Bot,core,land,Amphibious Anti-air Bot,1,t1_aa,Amphibious Anti-air Bot,640,125,1100,1900,53.49,Missiles | Missiles,img/bar/corcrash.png
bar-armmakr,bar,armmakr,Energy Converter,Converts 70 energy into 1 metal per sec,arm,structure,Converts 70 energy into 1 metal per sec,1,t1_fab,Converts 70 energy into 1 metal per sec,167,1,1150,2600,,,img/bar/armmakr.png
bar-armtide,bar,armtide,Tidal Generator,Produces Energy (depends on map),arm,structure,Produces Energy (depends on map),1,t1_energy,Produces Energy (depends on map),400,90,200,2190,,,img/bar/armtide.png
bar-armflak,bar,armflak,Arbalest,Anti-Air Flak Gun,arm,structure,Anti-Air Flak Gun,2,t2_flak,Anti-Air Flak Gun,1750,820,13000,19000,,Heavy g2a flak cannon,img/bar/armflak.png
bar-coraak,bar,coraak,Manticore,Heavy Amphibious Anti-Air Bot,core,land,Heavy Amphibious Anti-Air Bot,2,t2_flak,Heavy Amphibious Anti-Air Bot,3200,650,6200,11000,34.5,Missiles | Heavy g2a flak cannon,img/bar/coraak.png
bar-corpun,bar,corpun,Agitator,Area Control Plasma Artillery,core,structure,Area Control Plasma Artillery,1,t2_arty,Area Control Plasma Artillery,3250,1300,13500,17400,,Long-range g2g plasma cannon | Long-range g2g plasma cannon | Long-range g2g plasma cannon,img/bar/corpun.png
bar-armjeth,bar,armjeth,Crossbow,Amphibious Anti-air Bot,arm,land,Amphibious Anti-air Bot,1,t1_aa,Amphibious Anti-air Bot,630,125,1100,1830,56.25,Light g2a missile launcher | Missiles,img/bar/armjeth.png
bar-armuwmme,bar,armuwmme,Naval Advanced Metal Extractor,Advanced Metal Extractor / Storage,arm,structure,Advanced Metal Extractor / Storage,2,t2_mex,Advanced Metal Extractor / Storage,2800,620,7700,14900,,,img/bar/armuwmme.png
bar-legamcluster,bar,legamcluster,Cleaver,Mobile Cluster Artillery Vehicle,legion,land,Mobile Cluster Artillery Vehicle,2,t1_arty,Mobile Cluster Artillery Vehicle,1250,460,5500,10450,44,Cluster Munitions | Long-range g2g plasma cannon,img/bar/legamcluster.png
bar-armhawk,bar,armhawk,Highwind,Stealth Fighter,arm,air,Stealth Fighter,2,t2_fighter,Stealth Fighter,370,140,5700,10500,358.79999,High velocity a2a missile launcher,img/bar/armhawk.png
bar-armbrtha,bar,armbrtha,Basilica,Long Range Plasma Cannon,arm,structure,Long Range Plasma Cannon,2,t3_arty_static,Long Range Plasma Cannon,4450,4500,64000,85000,,Long-range plasma cannon,img/bar/armbrtha.png
bar-armcrus,bar,armcrus,Paladin,Cruiser,arm,navy,Cruiser,2,t2_cruiser,Cruiser,5600,1000,12000,23000,60,Medium depthcharge launcher | Light close-quarters g2g laser | Long-range g2g gauss cannon,img/bar/armcrus.png
bar-armfmkr,bar,armfmkr,Naval Energy Converter,Converts 70 energy into 1 metal per sec,arm,structure,Converts 70 energy into 1 metal per sec,1,t1_fab,Converts 70 energy into 1 metal per sec,167,1,1150,2600,,,img/bar/armfmkr.png
bar-leganavaldefturret,bar,leganavaldefturret,Ionia,Hybrid Anti-Ship Machine Gun/Shotgun Turret,legion,other,Hybrid Anti-Ship Machine Gun/Shotgun Turret,2,other,Hybrid Anti-Ship Machine Gun/Shotgun Turret,6300,1250,16500,24000,,Dual Rotary Heavy-Calibre Machine Guns | Dual Heavy Assault Kinetic Shotgun,img/bar/leganavaldefturret.png
bar-armack,bar,armack,Advanced Construction Bot,Tech 2 Constructor,arm,land,Tech 2 Constructor,2,t2_engineer,Tech 2 Constructor,930,430,6900,12500,33,,img/bar/armack.png
bar-armpincer,bar,armpincer,Pincer,Light Amphibious Tank,arm,land,Light Amphibious Tank,1,t1_tank,Light Amphibious Tank,1340,200,2000,2610,63,Light close-quarters plasma cannon,img/bar/armpincer.png
bar-armbull,bar,armbull,Bull,Heavy Assault Tank,arm,land,Heavy Assault Tank,2,t2_tank,Heavy Assault Tank,4650,950,13000,23000,62,Heavy g2g plasma cannon,img/bar/armbull.png
bar-armllt,bar,armllt,Sentry,Light Laser Tower,arm,structure,Light Laser Tower,1,t1_pd,Light Laser Tower,620,85,680,2400,,Light g2g laser turret,img/bar/armllt.png
bar-leglht,bar,leglht,Pharos,Light Heat Ray Tower,legion,structure,Light Heat Ray Tower,1,other,Light Heat Ray Tower,550,70,550,2200,,Light g2g Heat Ray,img/bar/leglht.png
bar-armamsub,bar,armamsub,Amphibious Complex,Produces Amphibious / Underwater Units,arm,structure,Produces Amphibious / Underwater Units,1,t1_factory_land,Produces Amphibious / Underwater Units,2650,1200,5500,11100,,,img/bar/armamsub.png
bar-legwin,bar,legwin,Wind Turbine,Produces Energy. Depends on wind strength.,legion,structure,Produces Energy. Depends on wind strength.,1,t1_energy,Produces Energy. Depends on wind strength.,230,45,175,1680,,,img/bar/legwin.png
bar-armcv,bar,armcv,Construction Vehicle,Tech 1 Constructor,arm,land,Tech 1 Constructor,1,t1_engineer,Tech 1 Constructor,1380,135,1950,4050,54,,img/bar/armcv.png
bar-legnavyartyship,bar,legnavyartyship,Octeres,Long-Range Cluster Artillery Vessel,legion,navy,Long-Range Cluster Artillery Vessel,1,other,Long-Range Cluster Artillery Vessel,4500,1450,15000,20000,45,Long-Range Naval Cluster Artillery Cannon | Cluster Munitions | Long-Range Naval Cluster Artillery Cannon,img/bar/legnavyartyship.png
bar-legctl,bar,legctl,Euryale,Coastal Torpedo Launcher,legion,other,Coastal Torpedo Launcher,1,t1_sub,Coastal Torpedo Launcher,2200,240,2200,5900,,Homing Torpedo Launcher,img/bar/legctl.png
bar-armpw,bar,armpw,Pawn,Fast Infantry Bot,arm,land,Fast Infantry Bot,1,t1_light_bot,Fast Infantry Bot,370,54,900,1650,87,Rapid-fire close-quarters g2g plasma guns,img/bar/armpw.png
bar-legrampart,bar,legrampart,Rampart,"Geothermal Antinuke, Jammer, Radar and Drone Platform",legion,structure,"Geothermal Antinuke, Jammer, Radar and Drone Platform",2,other,"Geothermal Antinuke, Jammer, Radar and Drone Platform",8600,2600,38000,36000,,HeavyCannon | ICBM intercepting missile launcher,img/bar/legrampart.png
bar-armvp,bar,armvp,Vehicle Plant,Produces Tech 1 Vehicles,arm,structure,Produces Tech 1 Vehicles,1,t1_factory_land,Produces Tech 1 Vehicles,3000,590,1550,5700,,,img/bar/armvp.png
bar-legrad,bar,legrad,Radar Tower,Early Warning System,legion,other,Early Warning System,1,t1_radar,Early Warning System,90,60,630,1140,,,img/bar/legrad.png
bar-armrl,bar,armrl,Nettle,Light Anti-air Tower,arm,structure,Light Anti-air Tower,1,t1_aa_turret,Light Anti-air Tower,330,80,900,1800,,Light g2a missile launcher,img/bar/armrl.png
bar-legstr,bar,legstr,Hoplite,Fast Raider Bot,legion,land,Fast Raider Bot,2,experimental,Fast Raider Bot,1780,355,5250,9240,84.0,Twin Rapid-fire Machine Guns,img/bar/legstr.png
bar-armatl,bar,armatl,Moray,Advanced Torpedo Launcher,arm,structure,Advanced Torpedo Launcher,2,other,Advanced Torpedo Launcher,2800,1000,8500,9260,,Heavy long-range homing torpedo launcher,img/bar/armatl.png
bar-corgarp,bar,corgarp,Garpike,Light Amphibious Tank,core,land,Light Amphibious Tank,1,t1_tank,Light Amphibious Tank,1420,220,2600,3100,58.5,PincerCannon,img/bar/corgarp.png
bar-corhp,bar,corhp,Hovercraft Platform,Builds Hovercraft,core,structure,Builds Hovercraft,1,t1_factory_land,Builds Hovercraft,3750,670,2000,8700,,,img/bar/corhp.png
bar-armantiship,bar,armantiship,Haven,"Mobile Anti-Nuke, Generator, and Radar/Sonar",arm,navy,"Mobile Anti-Nuke, Generator, and Radar/Sonar",2,antinuke,"Mobile Anti-Nuke, Generator, and Radar/Sonar",5000,1400,12000,27000,63,ICBM intercepting missile launcher,img/bar/armantiship.png
bar-legspcon,bar,legspcon,Construction Seaplane,Tech 1 Constructor,legion,other,Tech 1 Constructor,1,t1_engineer,Tech 1 Constructor,405,150,7800,12000,192,,img/bar/legspcon.png
bar-armkraken,bar,armkraken,Gorgon,Floating Rapid-fire Plasma Tower,arm,structure,Floating Rapid-fire Plasma Tower,2,other,Floating Rapid-fire Plasma Tower,4450,1000,13000,20000,,Rapid-fire gauss cannon,img/bar/armkraken.png
bar-cornanotcplat,bar,cornanotcplat,Naval Construction Turret,Assist & Repair in large radius,core,structure,Assist & Repair in large radius,1,other,Assist & Repair in large radius,560,230,3200,5300,,,img/bar/cornanotcplat.png
bar-leginf,bar,leginf,Inferno,Long-Range Burst-Fire Napalm Artillery Vehicle,legion,land,Long-Range Burst-Fire Napalm Artillery Vehicle,2,t1_arty,Long-Range Burst-Fire Napalm Artillery Vehicle,3650,1700,30000,42900,37.5,Heavy Burst-Fire Napalm Artillery Tri-Cannons,img/bar/leginf.png
bar-leglraa,bar,leglraa,Xyston,Long-Range Anti-Air Rail Accelerator,legion,other,Long-Range Anti-Air Rail Accelerator,2,t2_flak,Long-Range Anti-Air Rail Accelerator,1670,1600,36000,28000,,Heavy Anti-Air Railgun | Long-range heavy g2a missile launcher,img/bar/leglraa.png
bar-cordecom,bar,cordecom,Commander,Decoy Commander,core,commander,Decoy Commander,2,commander,Decoy Commander,3700,750,13000,33000,37.5,Disintegrator | J7Laser | J7NSLaser,img/bar/cordecom.png
bar-armrectr,bar,armrectr,Lazarus,Stealthy Rez / Repair / Reclaim Bot,arm,land,Stealthy Rez / Repair / Reclaim Bot,1,other,Stealthy Rez / Repair / Reclaim Bot,220,130,1400,2800,78,,img/bar/armrectr.png
bar-armtarg,bar,armtarg,Pinpointer,"Enhanced Radar Targeting, more facilities enhance accuracy",arm,structure,"Enhanced Radar Targeting, more facilities enhance accuracy",2,t1_radar,"Enhanced Radar Targeting, more facilities enhance accuracy",2100,810,7200,8700,,,img/bar/armtarg.png
bar-cordrag,bar,cordrag,Dragon's Teeth,Fortification,core,structure,Fortification,1,wall,Fortification,2800,8,0,255,,,img/bar/cordrag.png
bar-leganavyheavysub,bar,leganavyheavysub,Sphyrna,Long-Range Battle Submarine,legion,other,Long-Range Battle Submarine,2,t1_sub,Long-Range Battle Submarine,3900,1900,29000,34370,39,Long-Range Heavy Torpedo,img/bar/leganavyheavysub.png
bar-legalab,bar,legalab,Legion Advanced Bot Lab,Advanced Bot Lab,legion,other,Advanced Bot Lab,2,t2_factory_land,Advanced Bot Lab,4500,2600,16000,25200,,,img/bar/legalab.png
bar-legelrpcmech,bar,legelrpcmech,Astraeus,Long-Range Cluster Plasma Siege Mech,legion,other,Long-Range Cluster Plasma Siege Mech,3,experimental,Long-Range Cluster Plasma Siege Mech,17000,11000,150000,178000,25,Long-Range g2g Heavy Cluster Plasma Cannon | Plasma Burst,img/bar/legelrpcmech.png
bar-corwolv,bar,corwolv,Wolverine,Light Mobile Artillery,core,land,Light Mobile Artillery,1,t1_arty,Light Mobile Artillery,750,170,2500,3550,48,LightArtillery,img/bar/corwolv.png
bar-armplat,bar,armplat,Seaplane Platform,Builds Seaplanes,arm,structure,Builds Seaplanes,1,t1_factory_air,Builds Seaplanes,2000,1450,5000,12000,,,img/bar/armplat.png
bar-legbal,bar,legbal,Ballista,Medium Rocket Bot,legion,land,Medium Rocket Bot,1,t1_arty,Medium Rocket Bot,900,160,1920,2400,43.5,Rockets,img/bar/legbal.png
bar-armblade,bar,armblade,Hornet,Rapid Assault Gunship,arm,air,Rapid Assault Gunship,2,t2_gunship,Rapid Assault Gunship,3000,1250,22000,32000,204,Heavy a2g armor-piercing sabot missile launcher,img/bar/armblade.png
bar-armeyes,bar,armeyes,Beholder,Perimeter Camera,arm,structure,Perimeter Camera,1,other,Perimeter Camera,280,32,850,750,,,img/bar/armeyes.png
bar-corak,bar,corak,Grunt,Fast Infantry Bot,core,land,Fast Infantry Bot,1,t1_light_bot,Fast Infantry Bot,280,42,820,1250,81,Laser,img/bar/corak.png
bar-corsub,bar,corsub,Orca,Submarine,core,navy,Submarine,1,t1_sub,Submarine,1060,580,4000,7200,57,Light torpedo launcher,img/bar/corsub.png
bar-cormart,bar,cormart,Quaker,Mobile Artillery,core,land,Mobile Artillery,2,t3_arty,Mobile Artillery,1200,400,4400,9000,58,PlasmaCannon,img/bar/cormart.png
bar-leglts,bar,leglts,Aeolus,Light Air Transport,legion,other,Light Air Transport,1,other,Light Air Transport,265,68,1300,3850,207,,img/bar/leglts.png
bar-coresupp,bar,coresupp,Supporter,Light Gun Boat,core,navy,Light Gun Boat,1,other,Light Gun Boat,480,100,1000,1400,109.8,LightLaser,img/bar/coresupp.png
bar-corexp,bar,corexp,Exploiter,Armed Metal Extractor,core,structure,Armed Metal Extractor,1,t1_mex,Armed Metal Extractor,1440,240,1900,2900,,Light close-quarters g2g laser turret,img/bar/corexp.png
bar-legamph,bar,legamph,Telchine,Advanced Amphibious Assault Bot/Coast Guard,legion,other,Advanced Amphibious Assault Bot/Coast Guard,2,other,Advanced Amphibious Assault Bot/Coast Guard,2750,600,13200,16980,48,Heavy g2g Cleansing Heat Ray | Depthcharge launcher,img/bar/legamph.png
bar-armsilo,bar,armsilo,Armageddon,Nuclear ICBM Launcher,arm,structure,Nuclear ICBM Launcher,2,nuke,Nuclear ICBM Launcher,5900,8100,90000,178500,,Nuclear Launch | Intercontinental ballistic nuclear warhead,img/bar/armsilo.png
bar-legamphlab,bar,legamphlab,Amphibious Complex,Produces Amphibious / Underwater Units,legion,other,Produces Amphibious / Underwater Units,1,t1_factory_land,Produces Amphibious / Underwater Units,2800,1200,5600,11400,,,img/bar/legamphlab.png
bar-armfast,bar,armfast,Sprinter,Fast Raider Bot,arm,land,Fast Raider Bot,2,t2_tank,Fast Raider Bot,690,160,3800,5000,111.3,Rapid-firing close-quarters g2g plasma guns,img/bar/armfast.png
bar-legnavyscout,bar,legnavyscout,Hippocampus,Light Assault Corvette,legion,navy,Light Assault Corvette,1,t1_frigate,Light Assault Corvette,700,120,1600,1800,97,Twin Rapid-fire Machine Guns,img/bar/legnavyscout.png
bar-armepoch,bar,armepoch,Epoch,Flagship,arm,navy,Flagship,2,t3_battleship,Flagship,50000,20000,190000,290000,53.85,Secondary rapid-fire heavy plasma cannon | Heavy g2a flak cannon | Primary rapid-fire heavy long-range plasma cannon | Pop-up rapid-fire g2a missile launcher,img/bar/armepoch.png
bar-armuwes,bar,armuwes,Naval Energy Storage,Increases Energy Storage (6000),arm,structure,Increases Energy Storage (6000),1,t1_energy,Increases Energy Storage (6000),1890,170,1700,4110,,,img/bar/armuwes.png
bar-corfrt,bar,corfrt,Slingshot,Floating Anti-air Tower,core,structure,Floating Anti-air Tower,1,t1_aa_turret,Floating Anti-air Tower,395,90,1000,2200,,Light g2a missile launcher,img/bar/corfrt.png
bar-legstarfall,bar,legstarfall,Starfall,Very Long Range 63-Salvo Plasma Cannon (360K Energy Per Burst),legion,other,Very Long Range 63-Salvo Plasma Cannon (360K Energy Per Burst),2,other,Very Long Range 63-Salvo Plasma Cannon (360K Energy Per Burst),26000,63000,720000,1400000,,Very Long-Range High-Trajectory 63-Salvo Plasma Launcher | Plasma Volley Energy Charger (supplies energy to Starfall cannon),img/bar/legstarfall.png
bar-armroy,bar,armroy,Corsair,Destroyer,arm,navy,Destroyer,1,t2_destroyer,Destroyer,3700,880,6600,10200,67.2,Depthcharge launcher | Heavy long-range plasma cannon,img/bar/armroy.png
bar-coracsub,bar,coracsub,Advanced Construction Sub,Tech 2 Constructor,core,navy,Tech 2 Constructor,2,t2_engineer,Tech 2 Constructor,1110,700,9000,23000,64.8,,img/bar/coracsub.png
bar-corcrus,bar,corcrus,Buccaneer,Cruiser,core,navy,Cruiser,2,t2_cruiser,Cruiser,6200,1000,12000,23000,54,Medium depthcharge launcher | L2DeckLaser | HighEnergyLaser,img/bar/corcrus.png
bar-armliche,bar,armliche,Liche,Atomic Bomber,arm,air,Atomic Bomber,2,t2_bomber,Atomic Bomber,2300,2200,46000,73000,294.89999,Tactical nuclear a2g homing missile | Tactical nuclear homing missile,img/bar/armliche.png
bar-legadvshipyard,bar,legadvshipyard,Advanced Shipyard,Produces Tech 2 Legion Ships,legion,other,Produces Tech 2 Legion Ships,2,t2_factory_naval,Produces Tech 2 Legion Ships,5900,2800,10000,23550,,,img/bar/legadvshipyard.png
bar-corshark,bar,corshark,Predator,Fast Assault Submarine,core,navy,Fast Assault Submarine,2,t1_sub,Fast Assault Submarine,1610,730,14000,23000,84,Rapid armor-piercing torpedoes,img/bar/corshark.png
bar-legmed,bar,legmed,Medusa,Heavy Long-Range Salvo Rocket Tank,legion,other,Heavy Long-Range Salvo Rocket Tank,2,t2_mml,Heavy Long-Range Salvo Rocket Tank,3000,1500,22500,30370,39.0,Hexaburst Homing Siege Rockets | Targeting System,img/bar/legmed.png
bar-corsd,bar,corsd,Nemesis,Intrusion Countermeasure System,core,structure,Intrusion Countermeasure System,2,other,Intrusion Countermeasure System,2800,750,6700,12000,,,img/bar/corsd.png
bar-corvoyr,bar,corvoyr,Augur,Radar Bot,core,land,Radar Bot,2,t1_radar,Radar Bot,390,99,1350,5000,45,,img/bar/corvoyr.png
bar-leganavaleconv,bar,leganavaleconv,Naval Advanced Energy Converter,Converts 600 energy into 10.3 metal per sec,legion,other,Converts 600 energy into 10.3 metal per sec,2,other,Converts 600 energy into 10.3 metal per sec,560,370,21000,31300,,,img/bar/leganavaleconv.png
bar-coruwmmm,bar,coruwmmm,Naval Advanced Energy Converter,Converts 600 energy into 10.3 metal per sec,core,structure,Converts 600 energy into 10.3 metal per sec,2,t1_fab,Converts 600 energy into 10.3 metal per sec,560,370,21000,31300,,,img/bar/coruwmmm.png
bar-legamstor,bar,legamstor,Hardened Metal Storage,Increases Metal Storage (10000),legion,structure,Increases Metal Storage (10000),2,other,Increases Metal Storage (10000),11200,760,11000,20500,,,img/bar/legamstor.png
bar-armserp,bar,armserp,Serpent,Long-Range Battle Submarine,arm,navy,Long-Range Battle Submarine,2,t1_sub,Long-Range Battle Submarine,3550,1800,27000,32000,45,Heavy guided torpedo launcher,img/bar/armserp.png
bar-cormakr,bar,cormakr,Energy Converter,Converts 70 energy into 1 metal per sec,core,structure,Converts 70 energy into 1 metal per sec,1,t1_fab,Converts 70 energy into 1 metal per sec,167,1,1250,2680,,,img/bar/cormakr.png
bar-corjugg,bar,corjugg,Behemoth,(barely) Mobile Heavy Turret,core,land,(barely) Mobile Heavy Turret,3,experimental,(barely) Mobile Heavy Turret,335000,20000,513000,780000,16.5,LightLaser | GaussCannon | JuggStep | LightLaser,img/bar/corjugg.png
bar-armageo,bar,armageo,Advanced Geothermal Powerplant,Produces 1250 Energy (Hazardous),arm,structure,Produces 1250 Energy (Hazardous),2,t2_energy,Produces 1250 Energy (Hazardous),3600,1600,27000,50000,,,img/bar/armageo.png
bar-corfatf,bar,corfatf,Naval Pinpointer,Enhanced Radar Targeting,core,structure,Enhanced Radar Targeting,2,t1_radar,Enhanced Radar Targeting,1530,800,7500,10300,,,img/bar/corfatf.png
bar-coruwmme,bar,coruwmme,Naval Advanced Metal Extractor,Advanced Metal Extractor / Storage,core,structure,Advanced Metal Extractor / Storage,2,t2_mex,Advanced Metal Extractor / Storage,3900,640,8100,14100,,,img/bar/coruwmme.png
bar-corestor,bar,corestor,Energy Storage,Increases Energy Storage (6000),core,structure,Increases Energy Storage (6000),1,t1_energy,Increases Energy Storage (6000),2000,175,1800,4260,,,img/bar/corestor.png
bar-corenaa,bar,corenaa,Naval Birdshot,Anti-Air Flak Gun - Naval Series,core,structure,Anti-Air Flak Gun - Naval Series,2,t2_flak,Anti-Air Flak Gun - Naval Series,2000,890,25000,23100,,Heavy g2a flak cannon,img/bar/corenaa.png
bar-armdl,bar,armdl,Anemone,Coastal Torpedo Launcher,arm,structure,Coastal Torpedo Launcher,1,other,Coastal Torpedo Launcher,2200,240,2200,6000,,Depthcharge launcher,img/bar/armdl.png
bar-corplat,bar,corplat,Seaplane Platform,Builds Seaplanes,core,structure,Builds Seaplanes,1,t1_factory_air,Builds Seaplanes,2200,1400,5500,11800,,,img/bar/corplat.png
bar-leganavybattlesub,bar,leganavybattlesub,Architeuthis,Fast Assault Submarine,legion,other,Fast Assault Submarine,2,t1_sub,Fast Assault Submarine,2350,1100,16000,25000,72,Packhound Torpedo System,img/bar/leganavybattlesub.png
bar-coramph,bar,coramph,Duck,Amphibious Bot,core,land,Amphibious Bot,2,t2_amphib,Amphibious Bot,2350,330,9500,12500,55.5,HighEnergyLaser | Torpedo,img/bar/coramph.png
bar-corhunt,bar,corhunt,Watcher,Advanced Radar / Sonar Plane,core,air,Advanced Radar / Sonar Plane,1,t1_radar,Advanced Radar / Sonar Plane,730,130,6900,11500,324.29999,,img/bar/corhunt.png
bar-armmmkr,bar,armmmkr,Advanced Energy Converter,Converts 600 energy into 10.3 metal per sec,arm,structure,Converts 600 energy into 10.3 metal per sec,2,t2_fab,Converts 600 energy into 10.3 metal per sec,445,380,21000,35000,,,img/bar/armmmkr.png
bar-legajam,bar,legajam,Erebus,Long-Range Jamming Tower,legion,other,Long-Range Jamming Tower,2,other,Long-Range Jamming Tower,830,125,19000,9100,,,img/bar/legajam.png
bar-legspcarrier,bar,legspcarrier,Hecatoncheir,Airborne Drone Carrier,legion,air,Airborne Drone Carrier,2,other,Airborne Drone Carrier,1500,250,5000,9250,93.0,Advanced g2a Salvo Missile Launcher | Drone Targeting System,img/bar/legspcarrier.png
bar-armmerl,bar,armmerl,Ambassador,Stealthy Rocket Launcher - good vs. static defense,arm,land,Stealthy Rocket Launcher - good vs. static defense,2,t2_mml,Stealthy Rocket Launcher - good vs. static defense,1220,920,6500,21000,33,Heavy long-range g2g high-trajectory starburst rocket launcher,img/bar/armmerl.png
bar-armfatf,bar,armfatf,Naval Pinpointer,Enhanced Radar Targeting,arm,structure,Enhanced Radar Targeting,2,t1_radar,Enhanced Radar Targeting,1610,800,7300,9880,,,img/bar/armfatf.png
bar-legsrail,bar,legsrail,Arquebus,All-Terrain Heavy Railgun,legion,land,All-Terrain Heavy Railgun,2,experimental,All-Terrain Heavy Railgun,2200,800,16000,20800,42.0,Railgun,img/bar/legsrail.png
bar-cormlv,bar,cormlv,Trapper,Stealthy Minelayer / Minesweeper,core,land,Stealthy Minelayer / Minesweeper,1,other,Stealthy Minelayer / Minesweeper,450,65,1300,3640,69,Seismic charge,img/bar/cormlv.png
bar-leghrk,bar,leghrk,Thanatos,Salvo Rocket Bot,legion,land,Salvo Rocket Bot,2,t2_mml,Salvo Rocket Bot,1200,750,9000,12600,45,CatapultRockets,img/bar/leghrk.png
bar-leginfestor,bar,leginfestor,Infestor,Infesting All-Terrain Spider Assault Bot,legion,land,Infesting All-Terrain Spider Assault Bot,2,t2_tank,Infesting All-Terrain Spider Assault Bot,1200,250,5200,4310,54.0,Close-Quarters Light Heat Ray,img/bar/leginfestor.png
bar-armaca,bar,armaca,Advanced Construction Aircraft,Tech 2 Constructor,arm,air,Tech 2 Constructor,2,t2_engineer,Tech 2 Constructor,200,340,12000,22000,192,,img/bar/armaca.png
bar-legcv,bar,legcv,Legion Construction Vehicle,Tech 1 Constructor,legion,land,Tech 1 Constructor,1,t1_engineer,Tech 1 Constructor,1330,125,2100,3900,57.0,,img/bar/legcv.png
bar-armsjam,bar,armsjam,Bermuda,Radar Jammer Ship,arm,navy,Radar Jammer Ship,2,other,Radar Jammer Ship,1350,310,5000,20000,45,,img/bar/armsjam.png
bar-legerailtank,bar,legerailtank,Daedalus,Experimental Rail Accelerator Tank,legion,other,Experimental Rail Accelerator Tank,3,experimental,Experimental Rail Accelerator Tank,,,,125000,61.0,Siege Rail Accelerator,img/bar/legerailtank.png
bar-cormmkr,bar,cormmkr,Advanced Energy Converter,Converts 600 energy into 10.3 metal per sec,core,structure,Converts 600 energy into 10.3 metal per sec,2,t2_fab,Converts 600 energy into 10.3 metal per sec,560,370,21000,31300,,,img/bar/cormmkr.png
bar-leggat,bar,leggat,Decurion,Armored Assault Tank,legion,land,Armored Assault Tank,1,t1_tank,Armored Assault Tank,2550,300,3000,4800,45.0,Rapid-fire Machine Gun,img/bar/leggat.png
bar-legeconv,bar,legeconv,Energy Converter,Converts 70 Energy into 1 Metal Per Second,legion,structure,Converts 70 Energy into 1 Metal Per Second,1,t1_fab,Converts 70 Energy into 1 Metal Per Second,167,1,1150,2600,,,img/bar/legeconv.png
bar-legspradarsonarplane,bar,legspradarsonarplane,Okeanos,Radar/Sonar Seaplane,legion,air,Radar/Sonar Seaplane,1,t1_radar,Radar/Sonar Seaplane,580,125,7000,10680,338.10001,,img/bar/legspradarsonarplane.png
bar-armsolar,bar,armsolar,Solar Collector,Produces 20 Energy,arm,structure,Produces 20 Energy,1,t1_energy,Produces 20 Energy,340,155,0,2600,,,img/bar/armsolar.png
bar-corrad,bar,corrad,Radar Tower,Early Warning System,core,structure,Early Warning System,1,t1_radar,Early Warning System,90,60,630,1140,,,img/bar/corrad.png
bar-armanni,bar,armanni,Pulsar,Tachyon Accelerator,arm,structure,Tachyon Accelerator,2,t3_arty_static,Tachyon Accelerator,6100,3500,74000,52000,,Heavy long-range g2g tachyon accelerator beam,img/bar/armanni.png
bar-cortermite,bar,cortermite,Termite,Heavy All-terrain Assault Spider,core,land,Heavy All-terrain Assault Spider,2,t2_tank,Heavy All-terrain Assault Spider,3100,540,8100,17000,50,HeatRay,img/bar/cortermite.png
bar-leganavalaaturret,bar,leganavalaaturret,Fulmen,Advanced Anti-Air Floating Gatling Turret,legion,other,Advanced Anti-Air Floating Gatling Turret,2,t2_flak,Advanced Anti-Air Floating Gatling Turret,2000,890,25000,23100,,Dual Rotary Microflak Cannons,img/bar/leganavalaaturret.png
bar-legmine3,bar,legmine3,Heavy Mine,,legion,other,Heavy Mine,1,other,Heavy Mine,11,50,2800,700,,BOOM,img/bar/legmine3.png
bar-armjanus,bar,armjanus,Janus,Twin Medium Rocket Launcher,arm,land,Twin Medium Rocket Launcher,1,t1_arty,Twin Medium Rocket Launcher,1030,240,2600,3550,54,Heavy g2g dual-missile launcher,img/bar/armjanus.png
bar-legeheatraymech,bar,legeheatraymech,Sol Invictus,Experimental Dual Heat-Ray/Riot Mech,legion,other,Experimental Dual Heat-Ray/Riot Mech,3,experimental,Experimental Dual Heat-Ray/Riot Mech,110000,23500,615000,585250,40,Footsteps | Targeting System | Ultra Heavy Riot Autocannon | Anti-Air Flak Cannon | Experimental Thermal Ordnance Generators,img/bar/legeheatraymech.png
bar-legch,bar,legch,Construction Hovercraft,Tech 1 Constructor,legion,land,Tech 1 Constructor,1,t1_engineer,Tech 1 Constructor,1390,185,2600,4360,72.9,,img/bar/legch.png
bar-corthud,bar,corthud,Thug,Light Plasma Bot,core,land,Light Plasma Bot,1,t1_arty,Light Plasma Bot,1100,140,1150,2100,45,PlasmaCannon,img/bar/corthud.png
bar-legcib,bar,legcib,Blindfold,"Drops a Juno Bomb to Remove Mines, Scouts, Radars, and Jammers",legion,air,"Drops a Juno Bomb to Remove Mines, Scouts, Radars, and Jammers",1,other,"Drops a Juno Bomb to Remove Mines, Scouts, Radars, and Jammers",890,100,3500,4200,300.0,Anti radar/minefield/jammer magnetic impulse bomb,img/bar/legcib.png
bar-leguwmstore,bar,leguwmstore,Naval Metal Storage,Increases Metal Storage (3000),legion,other,Increases Metal Storage (3000),1,other,Increases Metal Storage (3000),2100,340,590,2920,,,img/bar/leguwmstore.png
bar-armhp,bar,armhp,Hovercraft Platform,Builds Hovercraft,arm,structure,Builds Hovercraft,1,t1_factory_land,Builds Hovercraft,3350,670,2000,8700,,,img/bar/armhp.png
bar-legmstor,bar,legmstor,Metal Storage,Increases Metal Storage (3000),legion,structure,Increases Metal Storage (3000),1,other,Increases Metal Storage (3000),2100,340,590,2920,,,img/bar/legmstor.png
bar-legafus,bar,legafus,Advanced Fusion Reactor,Produces 3300 Energy (Hazardous),legion,other,Produces 3300 Energy (Hazardous),2,t2_energy,Produces 3300 Energy (Hazardous),9400,10500,69000,340000,,,img/bar/legafus.png
bar-corvrad,bar,corvrad,Omen,Radar Vehicle,core,land,Radar Vehicle,2,t1_radar,Radar Vehicle,570,92,1300,5000,48,,img/bar/corvrad.png
bar-armthor,bar,armthor,Thor,Experimental Terminator Tank,arm,land,Experimental Terminator Tank,3,experimental,Experimental Terminator Tank,56000,9000,240000,320000,54,Long Range EMP laser | Heavy Lighting Cannon | Heavy long-range g2g EMP starburst rocket,img/bar/armthor.png
bar-coratl,bar,coratl,Lamprey,Advanced Torpedo Launcher,core,structure,Advanced Torpedo Launcher,2,other,Advanced Torpedo Launcher,2800,1050,8500,10900,,Long-range advanced torpedo launcher,img/bar/coratl.png
bar-armsehak,bar,armsehak,Horizon,Advanced Radar / Sonar Plane,arm,air,Advanced Radar / Sonar Plane,1,t1_radar,Advanced Radar / Sonar Plane,580,125,7000,11000,338.10001,,img/bar/armsehak.png
bar-leggant,bar,leggant,Experimental Gantry,Produces Experimental Units,legion,other,Produces Experimental Units,3,t2_factory_land,Produces Experimental Units,17800,8400,62000,67300,,,img/bar/leggant.png
bar-armuwgeo,bar,armuwgeo,Offshore Geothermal Powerplant,Produces 300 Energy,arm,structure,Produces 300 Energy,1,t1_energy,Produces 300 Energy,,,,13100,,,img/bar/armuwgeo.png
bar-armuwms,bar,armuwms,Naval Metal Storage,Increases Metal Storage (3000),arm,structure,Increases Metal Storage (3000),1,other,Increases Metal Storage (3000),3600,330,570,2920,,,img/bar/armuwms.png
bar-armanac,bar,armanac,Crocodile,Hovertank,arm,land,Hovertank,1,t1_hover,Hovertank,1530,270,2400,3000,69.99,Medium g2g plasma cannon,img/bar/armanac.png
bar-corvroc,bar,corvroc,Negotiator,Stealthy Rocket Launcher - good vs. static defense,core,land,Stealthy Rocket Launcher - good vs. static defense,2,t2_mml,Stealthy Rocket Launcher - good vs. static defense,1390,880,6700,20000,33,Rocket,img/bar/corvroc.png
bar-legsptorpgunship,bar,legsptorpgunship,Ladon,Torpedo Seaplane Gunship,legion,air,Torpedo Seaplane Gunship,1,t2_gunship,Torpedo Seaplane Gunship,900,190,5000,10720,273,VTOL Torpedo Launcher,img/bar/legsptorpgunship.png
bar-legadveconv,bar,legadveconv,Advanced Energy Converter,Converts 600 energy into 10.3 metal per sec,legion,other,Converts 600 energy into 10.3 metal per sec,2,other,Converts 600 energy into 10.3 metal per sec,560,370,21000,31300,,,img/bar/legadveconv.png
bar-armshltxuw,bar,armshltxuw,Experimental Gantry,Produces Large Amphibious Units,arm,structure,Produces Large Amphibious Units,3,t2_factory_land,Produces Large Amphibious Units,16000,7900,58000,62000,,,img/bar/armshltxuw.png
bar-legestor,bar,legestor,Energy Storage,Increases Energy Storage (6000),legion,other,Increases Energy Storage (6000),1,t1_energy,Increases Energy Storage (6000),2000,175,1800,4260,,,img/bar/legestor.png
bar-armcroc,bar,armcroc,Turtle,Heavy Amphibious Tank,arm,land,Heavy Amphibious Tank,2,t2_amphib,Heavy Amphibious Tank,5000,750,15000,21000,54,Medium g2g gauss-cannon | Light g2a missile launcher,img/bar/armcroc.png
bar-corpyro,bar,corpyro,Fiend,Fast Assault Bot,core,land,Fast Assault Bot,2,t2_tank,Fast Assault Bot,1060,200,3000,6500,82.5,FlameThrower,img/bar/corpyro.png
bar-legsnapper,bar,legsnapper,Snapper,Amphibious Screwdrive Bomb,legion,land,Amphibious Screwdrive Bomb,2,other,Amphibious Screwdrive Bomb,550,60,5600,9260,81.0,Self-destruction | Crawlingbomb Dummy Weapon,img/bar/legsnapper.png
bar-armfrad,bar,armfrad,Naval Radar / Sonar Tower,Early Warning System,arm,structure,Early Warning System,1,t1_radar,Early Warning System,110,130,1000,1800,,,img/bar/armfrad.png
bar-leganavalfusion,bar,leganavalfusion,Naval Fusion Reactor,Produces 1200 Energy,legion,other,Produces 1200 Energy,2,t2_energy,Produces 1200 Energy,5900,5400,34000,105000,,,img/bar/leganavalfusion.png
bar-armferret,bar,armferret,Ferret,Pop-Up Anti-Air Missile Battery,arm,structure,Pop-Up Anti-Air Missile Battery,1,t1_aa_turret,Pop-Up Anti-Air Missile Battery,1330,360,5700,5800,,Pop-up rapid-fire g2a missile launcher,img/bar/armferret.png
bar-coramsub,bar,coramsub,Amphibious Complex,Produces Amphibious / Underwater Units,core,structure,Produces Amphibious / Underwater Units,1,t1_factory_land,Produces Amphibious / Underwater Units,2800,1200,5600,11400,,,img/bar/coramsub.png
bar-armmine1,bar,armmine1,Light Mine,,arm,structure,Light Mine,1,other,Light Mine,11,7,270,100,,Crawlingbomb Dummy Weapon,img/bar/armmine1.png
bar-cordl,bar,cordl,Jellyfish,Coastal Torpedo Launcher,core,structure,Coastal Torpedo Launcher,1,other,Coastal Torpedo Launcher,2350,250,2200,6200,,Depthcharge launcher,img/bar/cordl.png
bar-armconsul,bar,armconsul,Consul,Combat Engineer,arm,land,Combat Engineer,2,t2_engineer,Combat Engineer,1080,250,4300,8500,78,,img/bar/armconsul.png
bar-legajamk,bar,legajamk,Tiresias,Mobile Jammer Bot,legion,land,Mobile Jammer Bot,2,other,Mobile Jammer Bot,345,75,1550,6280,39,,img/bar/legajamk.png
bar-leggantuw,bar,leggantuw,Experimental Gantry,Produces Large Amphibious Units,legion,other,Produces Large Amphibious Units,3,t2_factory_land,Produces Large Amphibious Units,17800,8400,62000,67300,,,img/bar/leggantuw.png
bar-corsktl,bar,corsktl,Skuttle,Advanced Amphibious Crawling Bomb,core,land,Advanced Amphibious Crawling Bomb,2,other,Advanced Amphibious Crawling Bomb,355,755,27000,23000,84,Mine Detonator | Crawlingbomb Dummy Weapon,img/bar/corsktl.png
bar-legmine1,bar,legmine1,Light Mine,,legion,other,Light Mine,1,other,Light Mine,11,7,270,100,,BOOM,img/bar/legmine1.png
bar-corhvytrans,bar,corhvytrans,Hephaestus,Heavy Transport,core,air,Heavy Transport,1,t1_transport,Heavy Transport,800,190,4000,8500,100,,img/bar/corhvytrans.png
bar-armcir,bar,armcir,Chainsaw,Medium-Range Anti-Air Missile Battery,arm,structure,Medium-Range Anti-Air Missile Battery,1,t1_aa_turret,Medium-Range Anti-Air Missile Battery,4450,750,7300,12000,,Rapid-fire long-range g2a missile barrel,img/bar/armcir.png
bar-corjuno,bar,corjuno,Juno,Anti Radar / Jammer / Minefield / ScoutSpam Weapon,core,structure,Anti Radar / Jammer / Minefield / ScoutSpam Weapon,1,other,Anti Radar / Jammer / Minefield / ScoutSpam Weapon,2500,660,16000,27700,,Anti radar/minefield/jammer magnetic impulse rocket | juno_pulse_ghost,img/bar/corjuno.png
bar-coruwms,bar,coruwms,Naval Metal Storage,Increases Metal Storage (3000),core,structure,Increases Metal Storage (3000),1,other,Increases Metal Storage (3000),2100,340,590,2920,,,img/bar/coruwms.png
bar-armgate,bar,armgate,Keeper,Plasma Shield,arm,structure,Plasma Shield,2,shield,Plasma Shield,3550,3000,54000,55000,,PlasmaRepulsor,img/bar/armgate.png
bar-corca,bar,corca,Construction Aircraft,Tech 1 Constructor,core,air,Tech 1 Constructor,1,t1_engineer,Tech 1 Constructor,161,115,3200,8360,201,,img/bar/corca.png
bar-legmine2,bar,legmine2,Medium Mine,,legion,other,Medium Mine,1,other,Medium Mine,11,25,1050,300,,BOOM,img/bar/legmine2.png
bar-legflak,bar,legflak,Pluto,Anti-Air Minigun,legion,other,Anti-Air Minigun,2,t2_flak,Anti-Air Minigun,1750,820,13000,19000,,Dual Rotary Microflak Cannons,img/bar/legflak.png
bar-legadvestore,bar,legadvestore,Hardened Energy Storage,Increases Energy Storage (40000),legion,other,Increases Energy Storage (40000),2,t2_energy,Increases Energy Storage (40000),12700,840,11000,20400,,,img/bar/legadvestore.png
bar-armsfig,bar,armsfig,Cyclone,Seaplane Swarmer,arm,air,Seaplane Swarmer,1,other,Seaplane Swarmer,220,90,4500,7000,310.79999,Guided a2a missile launcher,img/bar/armsfig.png
bar-armflash,bar,armflash,Blitz,Fast Assault Tank,arm,land,Fast Assault Tank,1,t1_tank,Fast Assault Tank,750,110,900,1960,101,Rapid-fire close-quarters plasma gun,img/bar/armflash.png
bar-legsolar,bar,legsolar,Solar Collector,Produces 20 Energy,legion,other,Produces 20 Energy,1,t1_energy,Produces 20 Energy,340,155,0,2800,,,img/bar/legsolar.png
bar-armamd,bar,armamd,Citadel,Anti-Nuke System,arm,structure,Anti-Nuke System,2,antinuke,Anti-Nuke System,3300,1500,38000,60000,,ICBM intercepting missile launcher,img/bar/armamd.png
bar-armjam,bar,armjam,Umbra,Radar Jammer Vehicle,arm,land,Radar Jammer Vehicle,2,other,Radar Jammer Vehicle,510,105,1700,7000,33,,img/bar/armjam.png
bar-leglob,bar,leglob,Satyr,Light Plasma Bot,legion,land,Light Plasma Bot,1,t1_light_bot,Light Plasma Bot,550,60,400,1100,51.0,Vertical Plasma Cannon | Forwards Plasma Cannon,img/bar/leglob.png
bar-corcv,bar,corcv,Construction Vehicle,Tech 1 Constructor,core,land,Tech 1 Constructor,1,t1_engineer,Tech 1 Constructor,1430,145,2100,4160,51,,img/bar/corcv.png
bar-corsfig,bar,corsfig,Bat,Seaplane Swarmer,core,air,Seaplane Swarmer,1,other,Seaplane Swarmer,220,90,4600,6500,315.60001,Guided a2a missile launcher,img/bar/corsfig.png
bar-armsy,bar,armsy,Shipyard,Produces Tech 1 Ships,arm,structure,Produces Tech 1 Ships,1,t1_factory_naval,Produces Tech 1 Ships,4100,450,950,5160,,,img/bar/armsy.png
bar-legah,bar,legah,Alpheus,Anti-Air Hovercraft,legion,land,Anti-Air Hovercraft,1,t1_aa,Anti-Air Hovercraft,1120,210,4300,3300,88.5,Light G2A Gatling Gun,img/bar/legah.png
bar-legeallterrainmech,bar,legeallterrainmech,Myrmidon,Armed All-Terrain Drone Carrier Mech,legion,other,Armed All-Terrain Drone Carrier Mech,3,experimental,Armed All-Terrain Drone Carrier Mech,9200,3950,78000,120250,33,Smart Artillery Targeting System | Heavy Long-Range High-Trajectory Cluster Plasma Cannon | Advanced g2a Salvo Missile Launcher | Dual-Unit Heatray-Drone Control Matrix | Heavy Long-Range Cluster Plasma Cannon | Plasma Cluster Burst,img/bar/legeallterrainmech.png
bar-coruwadvms,bar,coruwadvms,Hardened Metal Storage,Increases Metal Storage (10000),core,structure,Increases Metal Storage (10000),2,other,Increases Metal Storage (10000),11200,760,11000,20500,,,img/bar/coruwadvms.png
bar-armsb,bar,armsb,Tsunami,Seaplane Bomber,arm,air,Seaplane Bomber,1,t1_bomber,Seaplane Bomber,1170,240,7500,10000,267.29999,Medium a2g impulse warheads,img/bar/armsb.png
bar-armalab,bar,armalab,Advanced Bot Lab,Produces Tech 2 Bots,arm,structure,Produces Tech 2 Bots,2,t2_factory_land,Produces Tech 2 Bots,4250,2600,15000,25000,,,img/bar/armalab.png
bar-legmex,bar,legmex,Metal Extractor,Extracts Slightly Reduced Metal and Produces 7 Energy,legion,structure,Extracts Slightly Reduced Metal and Produces 7 Energy,1,t1_mex,Extracts Slightly Reduced Metal and Produces 7 Energy,275,50,500,1880,,,img/bar/legmex.png
bar-armawac,bar,armawac,Oracle,Radar / Sonar Plane,arm,air,Radar / Sonar Plane,2,t1_radar,Radar / Sonar Plane,890,175,8600,16000,317.39999,,img/bar/armawac.png
bar-corsnap,bar,corsnap,Cayman,Hovertank,core,land,Hovertank,1,t1_hover,Hovertank,1720,300,3100,3500,66.99,MediumPlasmaCannon,img/bar/corsnap.png
bar-corsok,bar,corsok,Cataphract,Heavy Laser Hovertank,core,land,Heavy Laser Hovertank,3,experimental,Heavy Laser Hovertank,4200,950,19000,34000,45.3,Disruptor Bolt | Depthcharge launcher,img/bar/corsok.png
bar-armscab,bar,armscab,Umbrella,Mobile All-Terrain Anti-Nuke,arm,land,Mobile All-Terrain Anti-Nuke,2,antinuke,Mobile All-Terrain Anti-Nuke,870,1150,30000,49000,51,ICBM intercepting missile launcher,img/bar/armscab.png
bar-cormine3,bar,cormine3,Heavy Mine,,core,structure,Heavy Mine,1,other,Heavy Mine,11,50,2800,700,,Crawlingbomb Dummy Weapon,img/bar/cormine3.png
bar-corageo,bar,corageo,Advanced Geothermal Powerplant,Produces 1250 Energy (Hazardous),core,structure,Produces 1250 Energy (Hazardous),2,t2_energy,Produces 1250 Energy (Hazardous),4150,1500,27000,48000,,,img/bar/corageo.png
bar-corsala,bar,corsala,Salamander,Medium Heat Ray Amphibious Tank,core,land,Medium Heat Ray Amphibious Tank,2,t2_amphib,Medium Heat Ray Amphibious Tank,2100,350,7000,10500,72,Medium g2g Heat Ray,img/bar/corsala.png
bar-armzeus,bar,armzeus,Welder,Assault Bot,arm,land,Assault Bot,2,t2_tank,Assault Bot,2950,350,6100,9500,47.4,Close-quarters g2g lightning rifle,img/bar/armzeus.png
bar-legkam,bar,legkam,Martyr,Self-destructs to deal explosive damage to target area,legion,other,Self-destructs to deal explosive damage to target area,1,other,Self-destructs to deal explosive damage to target area,160,65,2000,2200,220.0,Mine Detonator | Martyr trigger | Crawlingbomb Dummy Weapon,img/bar/legkam.png
bar-armuwageo,bar,armuwageo,Advanced Geothermal Powerplant,Produces 1250 Energy (Hazardous),arm,structure,Produces 1250 Energy (Hazardous),2,t2_energy,Produces 1250 Energy (Hazardous),,,,50000,,,img/bar/armuwageo.png
bar-legmext15,bar,legmext15,Overcharged Metal Extractor,Extracts Extra Metal at a High Energy Cost,legion,structure,Extracts Extra Metal at a High Energy Cost,1,t1_mex,Extracts Extra Metal at a High Energy Cost,1110,250,5000,5000,,,img/bar/legmext15.png
bar-armmine3,bar,armmine3,Heavy Mine,,arm,structure,Heavy Mine,1,other,Heavy Mine,11,50,2800,700,,Crawlingbomb Dummy Weapon,img/bar/armmine3.png
bar-legabm,bar,legabm,Aegis,Anti-Nuke System,legion,structure,Anti-Nuke System,2,antinuke,Anti-Nuke System,3650,1500,40000,60000,,ICBM intercepting missile launcher,img/bar/legabm.png
bar-armdf,bar,armdf,Decoy Fusion Reactor,"Does not produce Energy, used to confuse the enemy",arm,structure,"Does not produce Energy, used to confuse the enemy",2,t2_energy,"Does not produce Energy, used to confuse the enemy",3800,270,100,7500,,,img/bar/armdf.png
bar-armsam,bar,armsam,Whistler,Missile Truck,arm,land,Missile Truck,1,t1_aa,Missile Truck,820,150,2100,3420,55,Light g2g missile launcher | Light g2a missile launcher,img/bar/armsam.png
bar-corshiva,bar,corshiva,Shiva,Amphibious Siege Mech,core,land,Amphibious Siege Mech,3,experimental,Amphibious Siege Mech,9400,1550,23000,40000,48.3,HeavyRockets | HeavyCannon,img/bar/corshiva.png
bar-armfort,bar,armfort,Fortification Wall,Advanced Fortification,arm,structure,Advanced Fortification,2,wall,Advanced Fortification,8900,40,500,900,,,img/bar/armfort.png
bar-corsolar,bar,corsolar,Solar Collector,Produces 20 Energy,core,structure,Produces 20 Energy,1,t1_energy,Produces 20 Energy,355,150,0,2800,,,img/bar/corsolar.png
bar-armbats,bar,armbats,Dreadnought,Battleship,arm,navy,Battleship,2,t3_battleship,Battleship,9800,3300,22000,50000,57.9,Heavy long-range g2g plasma cannon,img/bar/armbats.png
bar-armlance,bar,armlance,Cormorant,Torpedo Bomber,arm,air,Torpedo Bomber,2,t2_bomber,Torpedo Bomber,1920,400,8000,19000,285,Light homing torpedo launcher,img/bar/armlance.png
bar-legmos,bar,legmos,Mosquito,Light Gunship with Stockpiling Rockets,legion,air,Light Gunship with Stockpiling Rockets,1,t2_gunship,Light Gunship with Stockpiling Rockets,415,110,2000,4000,165.0,Rockets,img/bar/legmos.png
bar-armck,bar,armck,Construction Bot,Tech 1 Constructor,arm,land,Tech 1 Constructor,1,t1_engineer,Tech 1 Constructor,690,110,1600,3450,36,,img/bar/armck.png
bar-armpnix,bar,armpnix,Blizzard,Strategic Bomber,arm,air,Strategic Bomber,2,t2_bomber,Strategic Bomber,1130,230,12500,25000,258,Heavy a2g impulse warheads,img/bar/armpnix.png
bar-armatlas,bar,armatlas,Stork,Light Air Transport,arm,air,Light Air Transport,1,t1_transport,Light Air Transport,265,68,1300,3850,207,,img/bar/armatlas.png
bar-armgeo,bar,armgeo,Geothermal Powerplant,Produces 300 Energy,arm,structure,Produces 300 Energy,1,t1_energy,Produces 300 Energy,1940,560,13000,13100,,,img/bar/armgeo.png
bar-armason,bar,armason,Advanced Sonar Station,Extended Sonar,arm,structure,Extended Sonar,2,t1_radar,Extended Sonar,2350,170,2600,6150,,,img/bar/armason.png
bar-armfboy,bar,armfboy,Fatboy,Heavy Plasma Bot,arm,land,Heavy Plasma Bot,2,t2_tank,Heavy Plasma Bot,7800,1400,15000,28000,30,Heavy AoE g2g plasma cannon,img/bar/armfboy.png
bar-armart,bar,armart,Shellshocker,Light Artillery Vehicle,arm,land,Light Artillery Vehicle,1,t1_arty,Light Artillery Vehicle,620,135,2200,3000,54,Long-range high-trajectory g2g plasma cannon,img/bar/armart.png
bar-leghelios,bar,leghelios,Helios,Skirmisher Tank,legion,land,Skirmisher Tank,1,t1_tank,Skirmisher Tank,800,160,2400,2600,69.0,Light g2g Heat Ray,img/bar/leghelios.png
bar-corscreamer,bar,corscreamer,Screamer,Long Range Anti-Air Tower,core,structure,Long Range Anti-Air Tower,2,t2_flak,Long Range Anti-Air Tower,1670,1650,32000,28000,,Long-range heavy g2a missile launcher,img/bar/corscreamer.png
bar-corgol,bar,corgol,Tzar,Very Heavy Assault Tank,core,land,Very Heavy Assault Tank,2,t2_tank,Very Heavy Assault Tank,7800,1650,28000,40000,39,HeavyCannon,img/bar/corgol.png
bar-armaap,bar,armaap,Advanced Aircraft Plant,Produces Tech 2 Aircraft,arm,structure,Produces Tech 2 Aircraft,2,t2_factory_air,Produces Tech 2 Aircraft,3750,2900,29000,32000,,,img/bar/armaap.png
bar-legafcv,bar,legafcv,Aceso,Light Construction Buggy,legion,other,Light Construction Buggy,2,t2_engineer,Light Construction Buggy,450,200,2900,4000,110,,img/bar/legafcv.png
bar-legbart,bar,legbart,Belcher,Napalm / Skirmish Bot,legion,land,Napalm / Skirmish Bot,2,t2_tank,Napalm / Skirmish Bot,1780,550,5500,10000,60.0,HeavyCannon,img/bar/legbart.png
bar-armgmm,bar,armgmm,Prude,"Safe Geothermal Powerplant, produces 750 Energy",arm,structure,"Safe Geothermal Powerplant, produces 750 Energy",2,t2_energy,"Safe Geothermal Powerplant, produces 750 Energy",13900,1150,25000,41500,,,img/bar/armgmm.png
bar-armrecl,bar,armrecl,Grim Reaper,Resurrection Sub,arm,navy,Resurrection Sub,1,other,Resurrection Sub,420,210,3000,6200,66,,img/bar/armrecl.png
bar-corason,bar,corason,Advanced Sonar Station,Extended Sonar,core,structure,Extended Sonar,2,t1_radar,Extended Sonar,2400,160,2400,6100,,,img/bar/corason.png
bar-corkorg,bar,corkorg,Juggernaut,Experimental Assault Bot,core,land,Experimental Assault Bot,3,experimental,Experimental Assault Bot,149000,29000,615000,730000,37,KrogRestore | KrogAim | KrogStep | HeavyRockets | GaussCannon | Experimental g2g Eradicator Heat Ray | KrogCrush,img/bar/corkorg.png
bar-armspy,bar,armspy,Ghost,Radar-Invisible Spy Bot,arm,land,Radar-Invisible Spy Bot,2,other,Radar-Invisible Spy Bot,300,135,8800,12000,65.4,Dummy Weapon,img/bar/armspy.png
bar-coruwes,bar,coruwes,Naval Energy Storage,Increases Energy Storage (6000),core,structure,Increases Energy Storage (6000),1,t1_energy,Increases Energy Storage (6000),2000,175,1800,4260,,,img/bar/coruwes.png
bar-legdeflector,bar,legdeflector,Soteria,Plasma Shield,legion,structure,Plasma Shield,2,shield,Plasma Shield,3550,3200,55000,55000,,PlasmaRepulsor,img/bar/legdeflector.png
bar-corvp,bar,corvp,Vehicle Plant,Produces Tech 1 Vehicles,core,structure,Produces Tech 1 Vehicles,1,t1_factory_land,Produces Tech 1 Vehicles,3000,570,1550,5650,,,img/bar/corvp.png
bar-leglab,bar,leglab,Legion Bot Lab,Bot Lab,legion,structure,Bot Lab,1,t1_factory_land,Bot Lab,2900,470,1050,5000,,,img/bar/leglab.png
bar-armvader,bar,armvader,Tumbleweed,Amphibious Rolling Bomb,arm,land,Amphibious Rolling Bomb,2,other,Amphibious Rolling Bomb,445,65,5800,7900,84,Self-destruction | Crawlingbomb Dummy Weapon,img/bar/armvader.png
bar-armaas,bar,armaas,Dragonslayer,Anti-Air Ship,arm,navy,Anti-Air Ship,2,other,Anti-Air Ship,3900,1000,12000,21000,63,Missiles | Long-range g2a guided missile launcher | Heavy g2a flak cannon,img/bar/armaas.png
bar-corsent,bar,corsent,Fury,Anti-Air Flak Vehicle,core,land,Anti-Air Flak Vehicle,2,t2_flak,Anti-Air Flak Vehicle,2700,470,10500,16000,69,Missiles | FlakCannon,img/bar/corsent.png
bar-armmar,bar,armmar,Marauder,Amphibious Assault Mech,arm,land,Amphibious Assault Mech,3,experimental,Amphibious Assault Mech,4900,970,21000,33000,94.5,Double close-quarters gauss cannon | Guided g2a missile launcher,img/bar/armmar.png
bar-legkeres,bar,legkeres,Keres,Heavy Assault and Anti-Swarm Tank,legion,other,Heavy Assault and Anti-Swarm Tank,3,experimental,Heavy Assault and Anti-Swarm Tank,,,,60000,48.0,Heavy riot cannon | Heavy rotary cannon,img/bar/legkeres.png
bar-corarad,bar,corarad,Advanced Radar Tower,Long-Range Radar,core,structure,Long-Range Radar,2,t1_radar,Long-Range Radar,365,400,14000,8000,,,img/bar/corarad.png
bar-leguwgeo,bar,leguwgeo,Offshore Geothermal Powerplant,Produces 300 Energy,legion,other,Produces 300 Energy,1,t1_energy,Produces 300 Energy,,,,12900,,,img/bar/leguwgeo.png
bar-corap,bar,corap,Aircraft Plant,Produces Tech 1 Aircraft,core,structure,Produces Tech 1 Aircraft,1,t1_factory_air,Produces Tech 1 Aircraft,2150,630,1100,5380,,,img/bar/corap.png
bar-correcl,bar,correcl,Death Cavalry,Resurrection Sub,core,navy,Resurrection Sub,1,other,Resurrection Sub,420,200,3200,5960,66.9,,img/bar/correcl.png
bar-legap,bar,legap,Legion Drone Plant,Drone Plant,legion,other,Drone Plant,1,t1_factory_air,Drone Plant,1780,430,1100,6380,,,img/bar/legap.png
bar-legfdrag,bar,legfdrag,Shark's Teeth,Naval Fortification,legion,other,Naval Fortification,1,other,Naval Fortification,4450,15,0,400,,,img/bar/legfdrag.png
bar-armmanni,bar,armmanni,Starlight,Mobile Tachyon Weapon,arm,land,Mobile Tachyon Weapon,2,other,Mobile Tachyon Weapon,2800,1200,18500,33000,42,Heavy long-range g2g tachyon beam,img/bar/armmanni.png
bar-cormexp,bar,cormexp,Advanced Exploiter,Armed Advanced Metal Extractor,core,structure,Armed Advanced Metal Extractor,2,t2_mex,Armed Advanced Metal Extractor,7800,2400,12000,32500,,High energy g2g laser | Heavy g2g/g2a barrage missile launcher,img/bar/cormexp.png
bar-legaabot,bar,legaabot,Toxotai,Amphibious Anti-Air Bot,legion,land,Amphibious Anti-Air Bot,1,t1_aa,Amphibious Anti-Air Bot,610,120,950,1800,55,Advanced g2a Salvo Missile Launcher,img/bar/legaabot.png
bar-armsh,bar,armsh,Seeker,Fast Attack Hovercraft,arm,land,Fast Attack Hovercraft,1,t1_hover,Fast Attack Hovercraft,290,85,1250,1700,113.7,Light Close-Quarters Fast-Firing g2g Laser,img/bar/armsh.png
bar-leganavyradjamship,bar,leganavyradjamship,Dolus,Hybrid Radar & Jammer Ship,legion,navy,Hybrid Radar & Jammer Ship,2,other,Hybrid Radar & Jammer Ship,1700,450,6000,19800,36,,img/bar/leganavyradjamship.png
bar-armrock,bar,armrock,Rocketeer,Rocket Bot - good vs. static defenses,arm,land,Rocket Bot - good vs. static defenses,1,t1_arty,Rocket Bot - good vs. static defenses,720,120,1000,2010,50.7,Medium g2g rocket launcher,img/bar/armrock.png
bar-legfmg,bar,legfmg,Gelasma,Heavy Land/Air Floating Gatling Gun Turret,legion,other,Heavy Land/Air Floating Gatling Gun Turret,1,t1_aa,Heavy Land/Air Floating Gatling Gun Turret,3900,450,5500,7600,,Rapid-Fire Gatling Gun,img/bar/legfmg.png
bar-corshroud,bar,corshroud,Shroud,Long-Range Jamming Tower,core,structure,Long-Range Jamming Tower,2,other,Long-Range Jamming Tower,890,130,20000,9400,,,img/bar/corshroud.png
bar-cormando,bar,cormando,Commando,Stealthy Paratrooper Bot,core,land,Stealthy Paratrooper Bot,2,other,Stealthy Paratrooper Bot,1560,1200,15500,24000,75,CommandoBlaster,img/bar/cormando.png
bar-leganavymissileship,bar,leganavymissileship,Ultor,Missile Cruiser,legion,navy,Missile Cruiser,2,t2_cruiser,Missile Cruiser,3350,2000,10000,23000,61.44,Anti-Air Salvo Missile Launcher | Heavy Long-Range Vertical Salvo Rocket Launcher,img/bar/leganavymissileship.png
bar-corflak,bar,corflak,Birdshot,Anti-Air Flak Gun,core,structure,Anti-Air Flak Gun,2,t2_flak,Anti-Air Flak Gun,1840,850,14000,20100,,Heavy g2a flak cannon,img/bar/corflak.png
bar-legcom,bar,legcom,Legion Commander,Commander,legion,commander,Commander,0,commander,Commander,3700,2700,26000,75000,37.5,Close-Quarters Heatray | Disintegrator | Anti Air Missile Launcher | Underwater Torpedo Launcher,img/bar/legcom.png
bar-legacv,bar,legacv,Advanced Construction Vehicle,Tech 2 Constructor,legion,other,Tech 2 Constructor,2,t2_engineer,Tech 2 Constructor,1950,530,6600,11900,55.5,,img/bar/legacv.png
bar-armsptk,bar,armsptk,Recluse,All-Terrain Rocket Spider,arm,land,All-Terrain Rocket Spider,2,t2_mml,All-Terrain Rocket Spider,1390,400,4500,11500,47,Parabolic trajectory g2g multi-rocket launcher,img/bar/armsptk.png
bar-armap,bar,armap,Aircraft Plant,Produces Tech 1 Aircraft,arm,structure,Produces Tech 1 Aircraft,1,t1_factory_air,Produces Tech 1 Aircraft,2050,650,1100,5450,,,img/bar/armap.png
bar-armmls,bar,armmls,Voyager,Naval Engineer,arm,navy,Naval Engineer,2,t2_engineer,Naval Engineer,1460,190,3200,6000,66,,img/bar/armmls.png
bar-armamph,bar,armamph,Platypus,Amphibious Bot,arm,land,Amphibious Bot,2,t2_amphib,Amphibious Bot,1170,260,2700,7000,90,Light close-quarters laser | Light g2a missile launcher,img/bar/armamph.png
bar-cormship,bar,cormship,Messenger,Cruise Missile Ship,core,navy,Cruise Missile Ship,2,other,Cruise Missile Ship,3350,2000,10000,24000,61.44,Heavy long-range g2g starburst rocket launcher | Medium Range g2a AA Missiles | Heavy long-range g2g ballistic missile launcher,img/bar/cormship.png
bar-legatorpbomber,bar,legatorpbomber,Aesacus,Torpedo Bomber,legion,other,Torpedo Bomber,2,t1_sub,Torpedo Bomber,1900,480,9480,21970,290,Medium Homing Torpedo Launcher,img/bar/legatorpbomber.png
bar-armuwadvms,bar,armuwadvms,Hardened Metal Storage,Increases Metal Storage (10000),arm,structure,Increases Metal Storage (10000),2,other,Increases Metal Storage (10000),10300,750,11500,20400,,,img/bar/armuwadvms.png
bar-corfmkr,bar,corfmkr,Naval Energy Converter,Converts 70 energy into 1 metal per sec,core,structure,Converts 70 energy into 1 metal per sec,1,t1_fab,Converts 70 energy into 1 metal per sec,167,1,1250,2680,,,img/bar/corfmkr.png
bar-legsh,bar,legsh,Glaucus,Fast Attack Hovercraft,legion,land,Fast Attack Hovercraft,1,t1_hover,Fast Attack Hovercraft,220,60,1200,1200,96,Light Close-Quarters g2g Heat Ray,img/bar/legsh.png
bar-armmercury,bar,armmercury,Mercury,Long Range Anti-Air Tower,arm,structure,Long Range Anti-Air Tower,2,t2_flak,Long Range Anti-Air Tower,1670,1600,33000,28000,,Heavy long-range g2a guided missile launcher,img/bar/armmercury.png
bar-armyork,bar,armyork,Shredder,Anti-Air Flak Vehicle,arm,land,Anti-Air Flak Vehicle,2,t2_flak,Anti-Air Flak Vehicle,2600,450,9100,13000,70.5,Missiles | Heavy g2a flak cannon,img/bar/armyork.png
bar-cormabm,bar,cormabm,Saviour,Mobile Anti-Nuke,core,land,Mobile Anti-Nuke,2,antinuke,Mobile Anti-Nuke,870,1250,32000,52000,51,ICBM intercepting missile launcher,img/bar/cormabm.png
bar-corarch,bar,corarch,Arrow Storm,Anti-Air Ship,core,navy,Anti-Air Ship,2,other,Anti-Air Ship,3900,1000,12000,21000,60.48,Missiles | AA2Missile | FlakCannon,img/bar/corarch.png
bar-cormstor,bar,cormstor,Metal Storage,Increases Metal Storage (3000),core,structure,Increases Metal Storage (3000),1,other,Increases Metal Storage (3000),2100,340,590,2920,,,img/bar/cormstor.png
bar-armbrawl,bar,armbrawl,Roughneck,Gunship,arm,air,Gunship,2,t2_gunship,Gunship,1780,310,6200,17000,160.8,Rapid-fire a2g plasma guns,img/bar/armbrawl.png
bar-armwar,bar,armwar,Centurion,Anti-Swarm Bot,arm,land,Anti-Swarm Bot,1,t1_light_bot,Anti-Swarm Bot,1590,270,3100,4200,45,Dual close-quarters g2g laser,img/bar/armwar.png
bar-legfhive,bar,legfhive,Naval Hive,Carries 6 Drones (costs 15m 500E each),legion,structure,Carries 6 Drones (costs 15m 500E each),1,other,Carries 6 Drones (costs 15m 500E each),1200,300,9000,7500,,HeavyCannon,img/bar/legfhive.png
bar-armcsa,bar,armcsa,Construction Seaplane,Tech 1 Constructor,arm,air,Tech 1 Constructor,1,t1_engineer,Tech 1 Constructor,405,150,7800,14500,192,,img/bar/armcsa.png
bar-armmlv,bar,armmlv,Groundhog,Stealthy Minelayer / Minesweeper,arm,land,Stealthy Minelayer / Minesweeper,1,other,Stealthy Minelayer / Minesweeper,335,57,1100,3520,75,Seismic charge,img/bar/armmlv.png
bar-corgantuw,bar,corgantuw,Experimental Gantry,Produces Large Amphibious Units,core,structure,Produces Large Amphibious Units,3,t2_factory_land,Produces Large Amphibious Units,17800,8350,62500,68000,,,img/bar/corgantuw.png
bar-correap,bar,correap,Tiger,Heavy Assault Tank,core,land,Heavy Assault Tank,2,t2_tank,Heavy Assault Tank,5300,665,10000,16000,70.5,PlasmaCannon,img/bar/correap.png
bar-legeshotgunmech,bar,legeshotgunmech,Praetorian,Multi-Weapon Shotgun Assault Mech,legion,land,Multi-Weapon Shotgun Assault Mech,3,experimental,Multi-Weapon Shotgun Assault Mech,25000,7000,120000,159000,60,Long-Range Cluster Plasma Cannon | Rotary Microflak Cannon | Targeting System | Parabolic Trajectory Multi-Rocket Launcher | Long-Range Cluster Plasma Cannon | Dual Heavy Assault Kinetic Shotgun,img/bar/legeshotgunmech.png
bar-armham,bar,armham,Mace,Light Plasma Bot,arm,land,Light Plasma Bot,1,t1_arty,Light Plasma Bot,1000,130,1300,2200,46.2,Light g2g plasma cannon (low trajectory),img/bar/armham.png
bar-armmship,bar,armmship,Longbow,Missile Cruiser,arm,navy,Missile Cruiser,2,t2_cruiser,Missile Cruiser,3350,2000,10000,24000,63,Heavy long-range g2g starburst rocket launcher | Medium Range g2a AA Missiles | Heavy long-range g2g ballistic missile launcher,img/bar/armmship.png
bar-legafigdef,bar,legafigdef,Ajax,Defensive Air-Superiority Fighter,legion,other,Defensive Air-Superiority Fighter,2,t2_flak,Defensive Air-Superiority Fighter,480,180,6200,11850,270,Heavy A2A Gatling Guns,img/bar/legafigdef.png
bar-legcluster,bar,legcluster,Amputator,Area Control Cluster Artillery,legion,structure,Area Control Cluster Artillery,1,t2_arty,Area Control Cluster Artillery,2900,850,11000,17400,,Long-Range g2g Cluster Plasma Cannon | Long-Range g2g Cluster Plasma Cannon | Long-Range g2g Cluster Plasma Cannon | Cluster Munitions,img/bar/legcluster.png
bar-corfink,bar,corfink,Finch,Scout,core,air,Scout,1,t1_air_scout,Scout,100,51,1450,2400,360,,img/bar/corfink.png
bar-corfav,bar,corfav,Rascal,Light Scout Vehicle,core,land,Light Scout Vehicle,1,t1_land_scout,Light Scout Vehicle,90,26,270,1150,153,Light Close-Quarters g2g Laser,img/bar/corfav.png
bar-cortl,bar,cortl,Urchin,Offshore Torpedo Launcher,core,structure,Offshore Torpedo Launcher,1,other,Offshore Torpedo Launcher,1440,170,1800,3750,,Torpedo launcher,img/bar/cortl.png
bar-armamex,bar,armamex,Twilight,Stealthy Cloakable Metal Extractor,arm,structure,Stealthy Cloakable Metal Extractor,1,t1_mex,Stealthy Cloakable Metal Extractor,1610,200,1500,1800,,,img/bar/armamex.png
bar-leginc,bar,leginc,Incinerator,(barely) Mobile Heavy Heat Ray,legion,land,(barely) Mobile Heavy Heat Ray,2,t2_tank,(barely) Mobile Heavy Heat Ray,9000,2300,46000,69700,24,Heavy g2g Sustained Heat Ray,img/bar/leginc.png
bar-cormist,bar,cormist,Lasher,Missile Truck,core,land,Missile Truck,1,t1_aa,Missile Truck,860,155,2400,3440,52,Light g2g missile launcher | Light g2a missile launcher,img/bar/cormist.png
bar-legvcarry,bar,legvcarry,Mantis,Mobile Drone Carrier Truck (Drones cost 15m 500E each),legion,land,Mobile Drone Carrier Truck (Drones cost 15m 500E each),1,other,Mobile Drone Carrier Truck (Drones cost 15m 500E each),1400,400,9000,11550,45.0,Drone Targeting System,img/bar/legvcarry.png
bar-legca,bar,legca,Legion Construction Aircraft,Tech 1 Constructor,legion,air,Tech 1 Constructor,1,t1_engineer,Tech 1 Constructor,151,105,3200,7560,215.0,,img/bar/legca.png
bar-coravp,bar,coravp,Advanced Vehicle Plant,Produces Tech 2 Vehicles,core,structure,Produces Tech 2 Vehicles,2,t2_factory_land,Produces Tech 2 Vehicles,5100,2600,16000,28000,,,img/bar/coravp.png
bar-corbhmth,bar,corbhmth,Cerberus,Geothermal Plasma Battery,core,structure,Geothermal Plasma Battery,2,t2_energy,Geothermal Plasma Battery,8300,3100,35000,59600,,Heavy g2g barrage plasma battery,img/bar/corbhmth.png
bar-legfhp,bar,legfhp,Offshore Hovercraft Platform,Builds Hovercraft,legion,other,Builds Hovercraft,1,t1_factory_land,Builds Hovercraft,3750,670,2000,8700,,,img/bar/legfhp.png
bar-legner,bar,legner,Nereus,Hovertank,legion,land,Hovertank,1,t1_hover,Hovertank,1100,220,2000,2400,76,Medium g2g plasma cannon,img/bar/legner.png
bar-armsnipe,bar,armsnipe,Sharpshooter,Sniper Bot,arm,land,Sniper Bot,2,t3_assault,Sniper Bot,580,680,20000,24000,33,Long-range g2g armor-piercing rifle | SniperWeapon,img/bar/armsnipe.png
bar-legageo,bar,legageo,Advanced Geothermal Powerplant,Produces 1250 Energy (Hazardous),legion,structure,Produces 1250 Energy (Hazardous),2,t2_energy,Produces 1250 Energy (Hazardous),4150,1600,27000,49950,,,img/bar/legageo.png
bar-armpship,bar,armpship,Ellysaw,Assault Frigate,arm,navy,Assault Frigate,1,t1_frigate,Assault Frigate,2150,380,2550,4250,81,Light long-range plasma cannon,img/bar/armpship.png
bar-corafus,bar,corafus,Advanced Fusion Reactor,Produces 3000 Energy (Hazardous),core,structure,Produces 3000 Energy (Hazardous),2,t2_energy,Produces 3000 Energy (Hazardous),9400,9700,48000,329200,,,img/bar/corafus.png
bar-armamb,bar,armamb,Rattlesnake,Cloakable Pop-up Plasma Artillery,arm,structure,Cloakable Pop-up Plasma Artillery,2,t2_arty,Cloakable Pop-up Plasma Artillery,4000,2500,17000,27000,,Pop-up heavy  long range g2g plasma cannon | Pop-up heavy  long range g2g plasma cannon | Pop-up heavy  long range g2g plasna cannon,img/bar/armamb.png
bar-legnanotcplat,bar,legnanotcplat,Naval Construction Turret,Assist & Repair in large radius,legion,structure,Assist & Repair in large radius,1,other,Assist & Repair in large radius,560,230,3200,5300,,,img/bar/legnanotcplat.png
bar-armaak,bar,armaak,Archangel,Advanced Amphibious Anti-Air Bot,arm,land,Advanced Amphibious Anti-Air Bot,2,t2_flak,Advanced Amphibious Anti-Air Bot,2200,520,5600,10000,47.4,Long-Range Anti-Air Missile Launcher | Medium-Range Anti-Air Missile Launcher,img/bar/armaak.png
bar-armuwmmm,bar,armuwmmm,Naval Advanced Energy Converter,Converts 600 energy into 10.3 metal per sec,arm,structure,Converts 600 energy into 10.3 metal per sec,2,t1_fab,Converts 600 energy into 10.3 metal per sec,445,380,21000,35000,,,img/bar/armuwmmm.png
bar-cormls,bar,cormls,Pathfinder,Naval Engineer,core,navy,Naval Engineer,2,t2_engineer,Naval Engineer,1600,200,3300,6500,57.75,,img/bar/cormls.png
bar-legnavyrezsub,bar,legnavyrezsub,Dionysus,Resurrection Submarine,legion,navy,Resurrection Submarine,1,other,Resurrection Submarine,420,200,3200,5960,66.9,,img/bar/legnavyrezsub.png
bar-leghive,bar,leghive,Hive,Carries 6 Drones (costs 15m 500E each),legion,structure,Carries 6 Drones (costs 15m 500E each),1,other,Carries 6 Drones (costs 15m 500E each),1200,300,7500,6000,,HeavyCannon,img/bar/leghive.png
bar-legtide,bar,legtide,Tidal Generator,Produces Energy (depends on map),legion,other,Produces Energy (depends on map),1,t1_energy,Produces Energy (depends on map),395,85,250,2100,,,img/bar/legtide.png
bar-armpb,bar,armpb,Pit Bull,Pop-up Gauss Cannon,arm,structure,Pop-up Gauss Cannon,2,t2_arty,Pop-up Gauss Cannon,2800,680,14000,15000,,Pop-up heavy g2g gauss cannon,img/bar/armpb.png
bar-cordoom,bar,cordoom,Bulwark,Energy Weapon,core,structure,Energy Weapon,2,t3_arty_static,Energy Weapon,9400,3000,37000,55200,,Long-range g2g tachyon accelerator | Light close-quarters g2g laser | High energy g2g laser,img/bar/cordoom.png
bar-legcar,bar,legcar,Cardea,Shotgun Hovertank,legion,land,Shotgun Hovertank,1,t1_hover,Shotgun Hovertank,3600,550,11000,11000,51,Medium Shotgun,img/bar/legcar.png
bar-corfhlt,bar,corfhlt,Coral,Floating Heavy Laser Tower,core,structure,Floating Heavy Laser Tower,1,t1_pd,Floating Heavy Laser Tower,4350,480,6200,11400,,High energy g2g laser,img/bar/corfhlt.png
bar-corstorm,bar,corstorm,Aggravator,Rocket Bot - good vs. static defenses,core,land,Rocket Bot - good vs. static defenses,1,t1_arty,Rocket Bot - good vs. static defenses,740,110,1150,1950,47.7,Rockets,img/bar/corstorm.png
bar-legaceb,bar,legaceb,Proteus,All-Terrain Combat Engineer,legion,other,All-Terrain Combat Engineer,2,t2_engineer,All-Terrain Combat Engineer,830,310,5600,9500,75.0,,img/bar/legaceb.png
bar-armseer,bar,armseer,Prophet,Radar Vehicle,arm,land,Radar Vehicle,2,t1_radar,Radar Vehicle,980,125,2000,7500,57,,img/bar/armseer.png
bar-armshltx,bar,armshltx,Experimental Gantry,Produces Experimental Units,arm,structure,Produces Experimental Units,3,t2_factory_land,Produces Experimental Units,16000,7900,58000,62000,,,img/bar/armshltx.png
bar-legsd,bar,legsd,Ichnaea,Intrusion Countermeasure System - tracks down stealthy units,legion,other,Intrusion Countermeasure System - tracks down stealthy units,2,other,Intrusion Countermeasure System - tracks down stealthy units,2650,710,7100,11900,,,img/bar/legsd.png
bar-armlship,bar,armlship,Maelstrom,Fast Raider/Skirmisher,arm,navy,Fast Raider/Skirmisher,2,other,Fast Raider/Skirmisher,2200,570,11400,15000,99,Close-quarters lightning turret | Light g2a missile launcher,img/bar/armlship.png
bar-corfrad,bar,corfrad,Naval Radar / Sonar Tower,Early Warning System,core,structure,Early Warning System,1,t1_radar,Early Warning System,114,130,1000,1800,,,img/bar/corfrad.png
bar-armafus,bar,armafus,Advanced Fusion Reactor,Produces 3000 Energy (Hazardous),arm,structure,Produces 3000 Energy (Hazardous),2,t2_energy,Produces 3000 Energy (Hazardous),7900,9700,69000,312500,,,img/bar/armafus.png
bar-legvp,bar,legvp,Legion Vehicle Plant,Produces Tech 1 Vehicles,legion,other,Produces Tech 1 Vehicles,1,t1_factory_land,Produces Tech 1 Vehicles,3000,570,1650,5700,,,img/bar/legvp.png
bar-leganavyflagship,bar,leganavyflagship,Neptune,Naval Combat Flagship,legion,navy,Naval Combat Flagship,2,t3_battleship,Naval Combat Flagship,48000,16000,240000,269000,63,Dual Experimental Thermal Ordnance Generators | Targeting System | Dual Naval-Series Rail Accelerators,img/bar/leganavyflagship.png
bar-leganavyartyship,bar,leganavyartyship,Corinth,Long Range Cluster Plasma Bombardment Vessel,legion,navy,Long Range Cluster Plasma Bombardment Vessel,2,other,Long Range Cluster Plasma Bombardment Vessel,22000,13000,125000,204750,48,Plasma Cluster Burst | Heavy Artillery Cluster Plasma Cannon | Dual Quad-Barrelled Long-Range Cluster Plasma Cannon | Plasma Cluster Burst,img/bar/leganavyartyship.png
bar-armarad,bar,armarad,Advanced Radar Tower,Long-Range Radar,arm,structure,Long-Range Radar,2,t1_radar,Long-Range Radar,355,400,14000,8000,,,img/bar/armarad.png
bar-leganavybattleship,bar,leganavybattleship,Scylla,Hybrid Cross-Terrain Battleship,legion,navy,Hybrid Cross-Terrain Battleship,2,t3_battleship,Hybrid Cross-Terrain Battleship,10350,2900,21000,49350,25,Heavy long-range g2g plasma cannon | Heavy long-range g2g plasma cannon | Medium Shotgun,img/bar/leganavybattleship.png
bar-leganavyengineer,bar,leganavyengineer,Artifex,Naval Engineer,legion,other,Naval Engineer,2,t2_engineer,Naval Engineer,1600,200,3300,4800,57.75,,img/bar/leganavyengineer.png
bar-legaca,bar,legaca,Advanced Construction Aircraft,Tech 2 Constructor,legion,other,Tech 2 Constructor,2,t2_engineer,Tech 2 Constructor,195,330,11000,17500,203,,img/bar/legaca.png
bar-armckfus,bar,armckfus,Cloakable Fusion Reactor,Produces 750 Energy,arm,structure,Produces 750 Energy,2,t2_energy,Produces 750 Energy,3800,3650,22000,65000,,,img/bar/armckfus.png
bar-legmh,bar,legmh,Salacia,Hovercraft Rocket Launcher,legion,land,Hovercraft Rocket Launcher,1,t1_arty,Hovercraft Rocket Launcher,520,190,3100,3300,70,Rocket,img/bar/legmh.png
bar-coruwfus,bar,coruwfus,Naval Fusion Reactor,Produces 1220 Energy,core,structure,Produces 1220 Energy,2,t2_energy,Produces 1220 Energy,5900,5400,34000,105000,,,img/bar/coruwfus.png
bar-corroach,bar,corroach,Bedbug,Amphibious Crawling Bomb,core,land,Amphibious Crawling Bomb,2,other,Amphibious Crawling Bomb,620,69,5800,7900,76,Self-destruction | Crawlingbomb Dummy Weapon,img/bar/corroach.png
bar-corsb,bar,corsb,Dam Buster,Seaplane Bomber,core,air,Seaplane Bomber,1,t1_bomber,Seaplane Bomber,940,200,8200,9000,240,CorSeaAdvancedBombs,img/bar/corsb.png
bar-legehovertank,bar,legehovertank,Charybdis,Heavy Assault Hovertank,legion,other,Heavy Assault Hovertank,3,experimental,Heavy Assault Hovertank,4900,1350,25000,41600,63,Heavy Sweepfire Heatray | Depthcharge Launcher | Parabolic Trajectory Multi-Rocket Launcher,img/bar/legehovertank.png
bar-corlab,bar,corlab,Bot Lab,Produces Tech 1 Bots,core,structure,Produces Tech 1 Bots,1,t1_factory_land,Produces Tech 1 Bots,2900,470,1050,5000,,,img/bar/corlab.png
bar-armsd,bar,armsd,Tracer,Intrusion Countermeasure System - tracks down stealthy units,arm,structure,Intrusion Countermeasure System - tracks down stealthy units,2,other,Intrusion Countermeasure System - tracks down stealthy units,2650,710,7100,11900,,,img/bar/armsd.png
bar-legwhisper,bar,legwhisper,Whisper,Radar / Sonar Plane,legion,other,Radar / Sonar Plane,2,t1_radar,Radar / Sonar Plane,990,210,9000,16480,321,,img/bar/legwhisper.png
bar-cortarg,bar,cortarg,Pinpointer,"Enhanced Radar Targeting, more facilities enhance accuracy",core,structure,"Enhanced Radar Targeting, more facilities enhance accuracy",2,t1_radar,"Enhanced Radar Targeting, more facilities enhance accuracy",2000,800,7500,10900,,,img/bar/cortarg.png
bar-cordemon,bar,cordemon,Demon,Flamethrower Mech,core,land,Flamethrower Mech,3,experimental,Flamethrower Mech,18000,6000,90000,160000,63,Demon's Maw; Heavy long range AoE flamethrower | ShoulderRockets | Heavy long range AoE flamethrower,img/bar/cordemon.png
bar-armnanotc,bar,armnanotc,Construction Turret,Assist & Repair in large radius,arm,structure,Assist & Repair in large radius,1,other,Assist & Repair in large radius,560,230,3200,5300,,,img/bar/armnanotc.png
bar-armvang,bar,armvang,Vanguard,All-Terrain Heavy Plasma Cannon,arm,land,All-Terrain Heavy Plasma Cannon,3,experimental,All-Terrain Heavy Plasma Cannon,8500,3300,71000,120000,33,Heavy long-range g2g plasma cannon | Heavy long-range g2g plasma cannon | Heavy long-range g2g plasma cannon,img/bar/armvang.png
bar-legdtr,bar,legdtr,Dragon's Jaw,Pop-up Riot Cannon Turret,legion,other,Pop-up Riot Cannon Turret,1,other,Pop-up Riot Cannon Turret,1610,290,1550,4420,,Area Control Riot Cannon,img/bar/legdtr.png
bar-corch,bar,corch,Construction Hovercraft,Tech 1 Constructor,core,land,Tech 1 Constructor,1,t1_engineer,Tech 1 Constructor,1490,190,3000,4580,60.899,,img/bar/corch.png
bar-armfav,bar,armfav,Rover,Light Scout Vehicle,arm,land,Light Scout Vehicle,1,t1_land_scout,Light Scout Vehicle,105,31,370,950,168,Light Close-Quarters g2g Laser,img/bar/armfav.png
bar-legspbomber,bar,legspbomber,Pyrphoros,Seaplane Bomber,legion,air,Seaplane Bomber,1,t1_bomber,Seaplane Bomber,1170,240,7500,9890,267.29999,Advanced Scatterfire Warheads,img/bar/legspbomber.png
bar-corseah,bar,corseah,Skyhook,Heavy Assault Transport,core,air,Heavy Assault Transport,2,t1_transport,Heavy Assault Transport,2200,370,6400,12500,200,,img/bar/corseah.png
bar-legjam,bar,legjam,Nyx,Medium-Range Jamming Device,legion,other,Medium-Range Jamming Device,1,other,Medium-Range Jamming Device,1070,140,7200,4570,,,img/bar/legjam.png
bar-corfus,bar,corfus,Fusion Reactor,Produces 850 Energy,core,structure,Produces 850 Energy,2,t2_energy,Produces 850 Energy,4300,3600,22000,59000,,,img/bar/corfus.png
bar-legavp,bar,legavp,Advanced Vehicle Plant,Produces Tech 2 Vehicles,legion,other,Produces Tech 2 Vehicles,2,t2_factory_land,Produces Tech 2 Vehicles,5100,2500,16000,27750,,,img/bar/legavp.png
bar-leggob,bar,leggob,Goblin,Light Skirmish Bot,legion,land,Light Skirmish Bot,1,t1_light_bot,Light Skirmish Bot,200,25,500,900,75,Rapid-fire a2g machine guns,img/bar/leggob.png
bar-legkark,bar,legkark,Karkinos,Medium Dual-Weapon Infantry Bot,legion,land,Medium Dual-Weapon Infantry Bot,1,t1_light_bot,Medium Dual-Weapon Infantry Bot,1725,330,2600,4400,42.0,Light g2g Heat Ray | Dual-Feed Medium Shotgun,img/bar/legkark.png
bar-legaradk,bar,legaradk,Euclid,Mobile Radar Bot,legion,land,Mobile Radar Bot,2,t1_radar,Mobile Radar Bot,390,99,1350,4700,45,,img/bar/legaradk.png
bar-cormh,bar,cormh,Mangonel,Hovercraft Rocket Launcher,core,land,Hovercraft Rocket Launcher,1,t1_arty,Hovercraft Rocket Launcher,550,200,3300,3500,63.9,Rocket,img/bar/cormh.png
bar-armmstor,bar,armmstor,Metal Storage,Increases Metal Storage (3000),arm,structure,Increases Metal Storage (3000),1,other,Increases Metal Storage (3000),2100,330,570,2920,,,img/bar/armmstor.png
bar-legvenator,bar,legvenator,Venator,Rapid-Response Flak Interceptor Fighter,legion,other,Rapid-Response Flak Interceptor Fighter,2,t2_flak,Rapid-Response Flak Interceptor Fighter,210,110,3200,9730,450,Birdshot Cannon,img/bar/legvenator.png
bar-legfloat,bar,legfloat,Triton,Heavy Convertible Tank/Boat,legion,land,Heavy Convertible Tank/Boat,2,t2_tank,Heavy Convertible Tank/Boat,,,,12000,55,Rapid-fire machine gun | Medium g2g gauss cannon,img/bar/legfloat.png
bar-coreter,bar,coreter,Obscurer,Radar Jammer Vehicle,core,land,Radar Jammer Vehicle,2,other,Radar Jammer Vehicle,580,105,1900,7500,41.4,,img/bar/coreter.png
bar-armacv,bar,armacv,Advanced Construction Vehicle,Tech 2 Constructor,arm,land,Tech 2 Constructor,2,t2_engineer,Tech 2 Constructor,2050,550,6800,16000,52.5,,img/bar/armacv.png
bar-legaskirmtank,bar,legaskirmtank,Gladiator,Medium Burst-Fire Skirmisher Tank,legion,land,Medium Burst-Fire Skirmisher Tank,2,t2_tank,Medium Burst-Fire Skirmisher Tank,2500,450,6800,10490,65,Heavy Rotary Plasma Cannon,img/bar/legaskirmtank.png
bar-armmex,bar,armmex,Metal Extractor,Extracts Metal from Metalspots,arm,structure,Extracts Metal from Metalspots,1,t1_mex,Extracts Metal from Metalspots,270,50,500,1800,,,img/bar/armmex.png
bar-leganavycruiser,bar,leganavycruiser,Thalassa,Gatling Gun Cruiser,legion,navy,Gatling Gun Cruiser,2,t2_cruiser,Gatling Gun Cruiser,5600,900,10800,20290,57,Twin Rapid-fire Machine Guns | Medium depthcharge launcher | Dual Heavy Assault Kinetic Shotgun | Dual Rotary Machine Guns,img/bar/leganavycruiser.png
bar-legmg,bar,legmg,Cacophony,Heavy Land/Air Gatling Gun Turret,legion,structure,Heavy Land/Air Gatling Gun Turret,1,other,Heavy Land/Air Gatling Gun Turret,2350,420,5500,7600,,Heavy Rapid-fire Machine Gun,img/bar/legmg.png
bar-leganavyaaship,bar,leganavyaaship,Notus,Advanced Anti-Air Gatling Flak Ship,legion,navy,Advanced Anti-Air Gatling Flak Ship,2,other,Advanced Anti-Air Gatling Flak Ship,3900,1000,12000,20100,57,Advanced Anti-Air Salvo Missile Launcher | Dual Rotary Microflak Cannons,img/bar/leganavyaaship.png
bar-legfus,bar,legfus,Fusion Reactor,Produces 950 Energy,legion,other,Produces 950 Energy,2,t2_energy,Produces 950 Energy,4600,4000,25000,66000,,,img/bar/legfus.png
bar-legnavydestro,bar,legnavydestro,Syracusia,Hybrid Heatray-Drone Carrier Destroyer,legion,navy,Hybrid Heatray-Drone Carrier Destroyer,1,t2_destroyer,Hybrid Heatray-Drone Carrier Destroyer,3800,860,9000,11500,58,Dual Ballistics Drone Control Matrix | Medium Sweepfire Heatray,img/bar/legnavydestro.png
bar-leglupara,bar,leglupara,Lupara,Bomb-Resistant Medium-Range Anti-Air Flak Battery,legion,other,Bomb-Resistant Medium-Range Anti-Air Flak Battery,1,t1_aa,Bomb-Resistant Medium-Range Anti-Air Flak Battery,4000,900,8200,12500,,Medium g2a Flak Blunderbuss,img/bar/leglupara.png
bar-corfship,bar,corfship,Brimstone,Anti-Swarm Ship,core,navy,Anti-Swarm Ship,2,other,Anti-Swarm Ship,2700,630,9400,13000,93,Heavy long range AoE flamethrower | Missiles,img/bar/corfship.png
bar-armfig,bar,armfig,Falcon,Fighter,arm,air,Fighter,1,t1_interceptor,Fighter,167,73,2900,3500,289.20001,Light a2a missile launcher,img/bar/armfig.png
bar-legnavyfrigate,bar,legnavyfrigate,Argonaut,Torpedo Launcher Frigate,legion,navy,Torpedo Launcher Frigate,1,t1_frigate,Torpedo Launcher Frigate,2600,370,3700,4800,72,Deck Torpedo Launcher | Deck Torpedo Launcher,img/bar/legnavyfrigate.png
bar-armmine2,bar,armmine2,Medium Mine,,arm,structure,Medium Mine,1,other,Medium Mine,11,25,1050,300,,Crawlingbomb Dummy Weapon,img/bar/armmine2.png
bar-corblackhy,bar,corblackhy,Black Hydra,Flagship,core,navy,Flagship,2,t3_battleship,Flagship,53000,21000,190000,310000,49.5,BattleshipCannon | Pop-up rapid-fire g2a missile launcher | HighEnergyLaser | RapidSamMissile,img/bar/corblackhy.png
bar-armdrag,bar,armdrag,Dragon's Teeth,Fortification,arm,structure,Fortification,1,wall,Fortification,2800,8,0,255,,,img/bar/armdrag.png
bar-corvalk,bar,corvalk,Hercules,Light Air Transport,core,air,Light Air Transport,1,t1_transport,Light Air Transport,280,74,1450,4120,198,,img/bar/corvalk.png
bar-legshot,bar,legshot,Phalanx,Shielded Riot Defence Bot,legion,land,Shielded Riot Defence Bot,2,t2_tank,Shielded Riot Defence Bot,3350,450,4750,10160,50.0,Medium Blast Riot Cannon,img/bar/legshot.png
bar-cortitan,bar,cortitan,Angler,Torpedo Bomber,core,air,Torpedo Bomber,2,t2_bomber,Torpedo Bomber,1960,410,8200,18000,279,Heavy homing torpedo launcher,img/bar/cortitan.png
bar-corhurc,bar,corhurc,Hailstorm,Heavy Strategic Bomber,core,air,Heavy Strategic Bomber,2,t2_bomber,Heavy Strategic Bomber,1520,310,18500,36000,248.399,Heavy a2g incinerating warheads,img/bar/corhurc.png
bar-coruwageo,bar,coruwageo,Advanced Geothermal Powerplant,Produces 1250 Energy (Hazardous),core,structure,Produces 1250 Energy (Hazardous),2,t2_energy,Produces 1250 Energy (Hazardous),,,,48000,,,img/bar/coruwageo.png
bar-corhlt,bar,corhlt,Warden,Area Control Laser Tower,core,structure,Area Control Laser Tower,1,t1_pd,Area Control Laser Tower,2750,480,4700,11400,,High energy g2g laser,img/bar/corhlt.png
bar-coraca,bar,coraca,Advanced Construction Aircraft,Tech 2 Constructor,core,air,Tech 2 Constructor,2,t2_engineer,Tech 2 Constructor,205,360,11000,22000,181.5,,img/bar/coraca.png
bar-legfig,bar,legfig,Noctua,Fighter / Scout Drone,legion,other,Fighter / Scout Drone,1,t1_aa,Fighter / Scout Drone,220,40,1600,2000,270.0,Burst-Fire A2A Machine Gun,img/bar/legfig.png
bar-corerad,bar,corerad,Eradicator,Medium-Range Anti-Air Missile Battery,core,structure,Medium-Range Anti-Air Missile Battery,1,t1_aa_turret,Medium-Range Anti-Air Missile Battery,4450,800,7900,12000,,Long-range rapid-fire g2a missile launcher,img/bar/corerad.png
bar-armfflak,bar,armfflak,Naval Arbalest,Anti-Air Flak Gun - Naval Series,arm,structure,Anti-Air Flak Gun - Naval Series,2,t2_flak,Anti-Air Flak Gun - Naval Series,1920,850,23000,21900,,Heavy g2a flak cannon,img/bar/armfflak.png
bar-corrl,bar,corrl,Thistle,Light Anti-air Tower,core,structure,Light Anti-air Tower,1,t1_aa_turret,Light Anti-air Tower,335,80,850,1750,,Light g2a missile launcher,img/bar/corrl.png
bar-legfrl,bar,legfrl,Polybolos,Floating Anti-Air Turret,legion,other,Floating Anti-Air Turret,1,t1_aa,Floating Anti-Air Turret,380,90,1000,2200,,Light g2a Missile Launcher,img/bar/legfrl.png
bar-leganavyconsub,bar,leganavyconsub,Advanced Construction Submarine,Tech 2 Constructor,legion,other,Tech 2 Constructor,2,t2_engineer,Tech 2 Constructor,1110,700,9000,18000,64.8,,img/bar/leganavyconsub.png
bar-corparrow,bar,corparrow,Poison Arrow,Very Heavy Amphibious Tank,core,land,Very Heavy Amphibious Tank,2,t2_amphib,Very Heavy Amphibious Tank,6300,1050,21000,26000,51,PoisonArrowCannon,img/bar/corparrow.png
bar-corveng,bar,corveng,Valiant,Fighter,core,air,Fighter,1,t1_interceptor,Fighter,156,73,2800,3330,297.60001,Light guided a2a missile launcher,img/bar/corveng.png
bar-corsh,bar,corsh,Goon,Fast Attack Hovercraft,core,land,Fast Attack Hovercraft,1,t1_hover,Fast Attack Hovercraft,255,75,1500,1500,109.5,Light Close-Quarters Fast-Firing g2g Laser,img/bar/corsh.png
bar-armch,bar,armch,Construction Hovercraft,Tech 1 Constructor,arm,land,Tech 1 Constructor,1,t1_engineer,Tech 1 Constructor,1440,200,2700,4470,66.9,,img/bar/armch.png
bar-corshad,bar,corshad,Whirlwind,Bomber,core,air,Bomber,1,t1_bomber,Bomber,680,150,4600,5050,234,Medium a2g incinerating warheads,img/bar/corshad.png
bar-corhal,bar,corhal,Halberd,Assault Hovertank,core,land,Assault Hovertank,1,t1_hover,Assault Hovertank,4350,640,13000,12900,45.3,HighEnergyLaser,img/bar/corhal.png
bar-leganavaltorpturret,bar,leganavaltorpturret,Delphinus,Advanced Offshore Torpedo Launcher,legion,other,Advanced Offshore Torpedo Launcher,2,t1_sub,Advanced Offshore Torpedo Launcher,2800,1050,8500,10900,,Long-range advanced torpedo launcher,img/bar/leganavaltorpturret.png
bar-legsy,bar,legsy,Shipyard,Produces Tech 1 Ships,legion,other,Produces Tech 1 Ships,1,t1_factory_naval,Produces Tech 1 Ships,4300,450,950,5100,,,img/bar/legsy.png
bar-coracv,bar,coracv,Advanced Construction Vehicle,Tech 2 Constructor,core,land,Tech 2 Constructor,2,t2_engineer,Tech 2 Constructor,2150,580,7000,17000,49.5,,img/bar/coracv.png
bar-corfmine3,bar,corfmine3,Heavy Mine,"Heavy Mine, Naval Series",core,structure,"Heavy Mine, Naval Series",1,other,"Heavy Mine, Naval Series",11,32,1600,400,,Crawlingbomb Dummy Weapon,img/bar/corfmine3.png
bar-armmh,bar,armmh,Possum,Hovercraft Rocket Launcher,arm,land,Hovercraft Rocket Launcher,1,t1_arty,Hovercraft Rocket Launcher,530,175,3000,3300,63.9,Light long-range g2g starburst rocket launcher,img/bar/armmh.png
bar-corgator,bar,corgator,Incisor,Light Tank,core,land,Light Tank,1,t1_tank,Light Tank,820,120,1100,2300,85,Laser,img/bar/corgator.png
bar-corbats,bar,corbats,Despot,Battleship,core,navy,Battleship,2,t3_battleship,Battleship,12000,3400,23000,51000,53.1,HighEnergyLaser | BattleshipCannon,img/bar/corbats.png
bar-corhrk,bar,corhrk,Arbiter,Heavy Rocket Bot,core,land,Heavy Rocket Bot,2,t2_mml,Heavy Rocket Bot,610,600,5800,9500,54,HeavyRockets,img/bar/corhrk.png
bar-armadvsol,bar,armadvsol,Advanced Solar Collector,Produces 80 Energy,arm,structure,Produces 80 Energy,1,t1_energy,Produces 80 Energy,1130,350,5000,7950,,,img/bar/armadvsol.png
bar-cornanotc,bar,cornanotc,Construction Turret,Assist & Repair in large radius,core,structure,Assist & Repair in large radius,1,other,Assist & Repair in large radius,560,230,3200,5300,,,img/bar/cornanotc.png
bar-armmav,bar,armmav,Gunslinger,Skirmish Bot. Auto-Repair. Range increases with experience,arm,land,Skirmish Bot. Auto-Repair. Range increases with experience,2,t3_assault,Skirmish Bot. Auto-Repair. Range increases with experience,1560,650,11000,17000,49.5,Anti-swarm g2g gauss-impulse guns,img/bar/armmav.png
bar-leghades,bar,leghades,Alaris,Fast Assault Tank,legion,land,Fast Assault Tank,1,t1_tank,Fast Assault Tank,425,65,850,1650,102.0,Close-quarters g2g gauss-cannon,img/bar/leghades.png
bar-legotter,bar,legotter,Otter,Amphibious Construction Vehicle,legion,land,Amphibious Construction Vehicle,1,t1_engineer,Amphibious Construction Vehicle,950,150,3100,6540,43.5,,img/bar/legotter.png
bar-corack,bar,corack,Advanced Construction Bot,Tech 2 Constructor,core,land,Tech 2 Constructor,2,t2_engineer,Tech 2 Constructor,1000,470,6900,12500,33,,img/bar/corack.png
bar-legeyes,bar,legeyes,Argus,Perimeter Camera,legion,other,Perimeter Camera,1,other,Perimeter Camera,280,32,850,750,,,img/bar/legeyes.png
bar-leganavaladvgeo,bar,leganavaladvgeo,Advanced Underwater Geothermal Powerplant,Produces 1250 Energy (Hazardous),legion,other,Produces 1250 Energy (Hazardous),2,t2_energy,Produces 1250 Energy (Hazardous),,,,32000,,,img/bar/leganavaladvgeo.png
bar-legmoho,bar,legmoho,Advanced Metal Extractor,Advanced Metal Extractor / Storage,legion,structure,Advanced Metal Extractor / Storage,2,t2_mex,Advanced Metal Extractor / Storage,3900,640,8100,14100,,,img/bar/legmoho.png
bar-cornecro,bar,cornecro,Graverobber,Stealthy Rez / Reclaim / Repair Bot,core,land,Stealthy Rez / Reclaim / Repair Bot,1,other,Stealthy Rez / Reclaim / Repair Bot,220,130,1400,2800,78,,img/bar/cornecro.png
bar-legack,bar,legack,Advanced Construction Bot,Tech 2 Constructor,legion,land,Tech 2 Constructor,2,t2_engineer,Tech 2 Constructor,860,410,6900,9300,36.0,,img/bar/legack.png
bar-leghp,bar,leghp,Hovercraft Platform,Builds Hovercraft,legion,other,Builds Hovercraft,1,t1_factory_land,Builds Hovercraft,3750,670,2000,8700,,,img/bar/leghp.png
bar-armgremlin,bar,armgremlin,Gremlin,Stealth Tank,arm,land,Stealth Tank,2,t2_tank,Stealth Tank,1060,230,3700,8500,70.5,Light close-quarters gauss cannon,img/bar/armgremlin.png
bar-legmineb,bar,legmineb,Harbinger,Linear Minelayer Bomber,legion,other,Linear Minelayer Bomber,1,other,Linear Minelayer Bomber,1110,300,21000,30550,210.0,LegionMineBomb,img/bar/legmineb.png
bar-corpt,bar,corpt,Herring,Missile Corvette / Light Anti Air / Sonar,core,navy,Missile Corvette / Light Anti Air / Sonar,1,t1_frigate,Missile Corvette / Light Anti Air / Sonar,890,210,1400,2500,69,Missiles | Light g2a missile launcher,img/bar/corpt.png
bar-armcs,bar,armcs,Construction Ship,Tech 1 Constructor,arm,navy,Tech 1 Constructor,1,t1_engineer,Tech 1 Constructor,1040,200,2000,3460,65.4,,img/bar/armcs.png
bar-legcen,bar,legcen,Phobos,Fast Assault Bot,legion,land,Fast Assault Bot,1,t1_light_bot,Fast Assault Bot,750,140,2200,2800,90.0,Close-quarters g2g gauss-cannon,img/bar/legcen.png
bar-cortrem,bar,cortrem,Tremor,Heavy Artillery Vehicle,core,land,Heavy Artillery Vehicle,2,t1_arty,Heavy Artillery Vehicle,3000,1850,49000,43000,40.5,RapidArtillery,img/bar/cortrem.png
bar-corfast,bar,corfast,Twitcher,Combat Engineer,core,land,Combat Engineer,2,t2_engineer,Combat Engineer,830,210,3800,8000,90,,img/bar/corfast.png
bar-corssub,bar,corssub,Kraken,Long-Range Battle Submarine,core,navy,Long-Range Battle Submarine,2,t1_sub,Long-Range Battle Submarine,3900,1900,29000,35000,39,AdvTorpedo,img/bar/corssub.png
bar-cormadsam,bar,cormadsam,SAM,Hardened Anti-Air Missile Battery,core,structure,Hardened Anti-Air Missile Battery,1,t1_aa_turret,Hardened Anti-Air Missile Battery,2800,315,6100,5240,,Advanced g2a rapid missile launcher,img/bar/cormadsam.png
bar-armstump,bar,armstump,Stout,Medium Assault Tank,arm,land,Medium Assault Tank,1,t1_tank,Medium Assault Tank,1780,225,2000,2900,75.9,Light g2g plasma cannon,img/bar/armstump.png
bar-armsaber,bar,armsaber,Sabre,Seaplane Gunship,arm,air,Seaplane Gunship,1,t2_gunship,Seaplane Gunship,1010,210,6400,11000,156.89999,Light a2g discharge blaster,img/bar/armsaber.png
bar-legtarg,bar,legtarg,Pinpointer,"Enhances Radar Targeting, more facilities reduce radar wobble",legion,other,"Enhances Radar Targeting, more facilities reduce radar wobble",2,t1_radar,"Enhances Radar Targeting, more facilities reduce radar wobble",2100,810,7200,8700,,,img/bar/legtarg.png
bar-armfdrag,bar,armfdrag,Shark's Teeth,Naval Fortification,arm,structure,Naval Fortification,1,wall,Naval Fortification,4450,15,0,370,,,img/bar/armfdrag.png
bar-corawac,bar,corawac,Condor,Radar / Sonar Plane,core,air,Radar / Sonar Plane,2,t1_radar,Radar / Sonar Plane,990,180,8300,16000,321,,img/bar/corawac.png
bar-legdecom,bar,legdecom,Legion Commander,Decoy Commander,legion,commander,Decoy Commander,2,commander,Decoy Commander,3700,750,13000,32600,37.5,Close-Quarters Heatray | Disintegrator | Anti Air Missile Launcher | Underwater Torpedo Launcher,
bar-legfrad,bar,legfrad,Naval Radar / Sonar Tower,Early Surface/Naval Warning System,legion,structure,Early Surface/Naval Warning System,1,t1_radar,Early Surface/Naval Warning System,110,130,1000,1800,,,img/bar/legfrad.png
bar-armestor,bar,armestor,Energy Storage,Increases Energy Storage (6000),arm,structure,Increases Energy Storage (6000),1,t1_energy,Increases Energy Storage (6000),1890,170,1700,4110,,,img/bar/armestor.png
bar-legck,bar,legck,Legion Construction Bot,Tech 1 Constructor,legion,land,Tech 1 Constructor,1,t1_engineer,Tech 1 Constructor,630,100,1600,3250,39,,img/bar/legck.png
bar-legnavysub,bar,legnavysub,Ketea,Combat Submarine,legion,navy,Combat Submarine,1,t1_sub,Combat Submarine,600,320,2400,4600,57,Submerged Torpedo Launcher,img/bar/legnavysub.png
bar-legtl,bar,legtl,Stheno,Offshore Torpedo Launcher,legion,other,Offshore Torpedo Launcher,1,t1_sub,Offshore Torpedo Launcher,1300,170,1500,3700,,Torpedo Launcher,img/bar/legtl.png
bar-corllt,bar,corllt,Guard,Light Laser Tower,core,structure,Light Laser Tower,1,t1_pd,Light Laser Tower,650,90,700,2500,,Light g2g laser,img/bar/corllt.png
bar-coreyes,bar,coreyes,Beholder,Perimeter Camera,core,structure,Perimeter Camera,1,other,Perimeter Camera,280,32,850,750,,,img/bar/coreyes.png
bar-armuwfus,bar,armuwfus,Naval Fusion Reactor,Produces 1200 Energy,arm,structure,Produces 1200 Energy,2,t2_energy,Produces 1200 Energy,5600,5200,33500,99900,,,img/bar/armuwfus.png
bar-corcan,bar,corcan,Sumo,Armored Assault Bot,core,land,Armored Assault Bot,2,t2_tank,Armored Assault Bot,5940,560,9300,15000,37.5,Laserroar | HighEnergyLaser,img/bar/corcan.png
bar-armclaw,bar,armclaw,Dragon's Claw,Pop-up Lightning Turret,arm,structure,Pop-up Lightning Turret,1,wall,Pop-up Lightning Turret,1330,340,1600,4650,,Close-quarters g2g lightning turret,img/bar/armclaw.png
bar-legadvsol,bar,legadvsol,Advanced Solar Collector,Produces 100 Energy,legion,other,Produces 100 Energy,1,t1_energy,Produces 100 Energy,800,465,4080,13580,,,img/bar/legadvsol.png
bar-coralab,bar,coralab,Advanced Bot Lab,Produces Tech 2 Bots,core,structure,Produces Tech 2 Bots,2,t2_factory_land,Produces Tech 2 Bots,4500,2600,16000,26000,,,img/bar/coralab.png
bar-corantiship,bar,corantiship,Oasis,"Mobile Anti-Nuke, Generator, and Radar/Sonar",core,navy,"Mobile Anti-Nuke, Generator, and Radar/Sonar",2,antinuke,"Mobile Anti-Nuke, Generator, and Radar/Sonar",5000,1400,12000,27000,63,ICBM intercepting missile launcher,img/bar/corantiship.png
bar-armdfly,bar,armdfly,Abductor,Stealthy Armed Heavy Transport,arm,air,Stealthy Armed Heavy Transport,2,t1_transport,Stealthy Armed Heavy Transport,1170,320,6600,19000,225,Heavy a2g EMP beam,img/bar/armdfly.png
bar-coraap,bar,coraap,Advanced Aircraft Plant,Produces Tech 2 Aircraft,core,structure,Produces Tech 2 Aircraft,2,t2_factory_air,Produces Tech 2 Aircraft,3900,2900,28000,32000,,,img/bar/coraap.png
bar-legaspy,bar,legaspy,Eidolon,Stealthy Invisible Spy Bot,legion,land,Stealthy Invisible Spy Bot,2,other,Stealthy Invisible Spy Bot,300,125,8500,12900,62.5,coconut.jpg,img/bar/legaspy.png
bar-cormine2,bar,cormine2,Medium Mine,,core,structure,Medium Mine,1,other,Medium Mine,11,25,1050,300,,Crawlingbomb Dummy Weapon,img/bar/cormine2.png
bar-corfmd,bar,corfmd,Prevailer,Anti-Nuke System,core,structure,Anti-Nuke System,2,antinuke,Anti-Nuke System,3300,1500,40000,60000,,ICBM intercepting missile launcher,img/bar/corfmd.png
bar-corasy,bar,corasy,Advanced Shipyard,Produces Tech 2 Ships,core,structure,Produces Tech 2 Ships,2,t2_factory_naval,Produces Tech 2 Ships,5900,2800,10000,24000,,,img/bar/corasy.png
bar-armnanotcplat,bar,armnanotcplat,Naval Construction Turret,Assist & Repair in large radius,arm,structure,Assist & Repair in large radius,1,other,Assist & Repair in large radius,560,230,3200,5300,,,img/bar/armnanotcplat.png
bar-legnavyconship,bar,legnavyconship,Construction Ship,Constructs Tech 1 Naval Structures,legion,other,Constructs Tech 1 Naval Structures,1,t1_engineer,Constructs Tech 1 Naval Structures,1080,180,2000,3500,71,,img/bar/legnavyconship.png
bar-armfmine3,bar,armfmine3,Heavy Mine,"Heavy Mine, Naval Series",arm,structure,"Heavy Mine, Naval Series",1,other,"Heavy Mine, Naval Series",11,32,1600,400,,Crawlingbomb Dummy Weapon,img/bar/armfmine3.png
bar-corcat,bar,corcat,Catapult,Heavy Rocket Bot,core,land,Heavy Rocket Bot,3,experimental,Heavy Rocket Bot,6100,4900,80000,160000,48,CatapultRockets,img/bar/corcat.png
bar-armsub,bar,armsub,Eel,Submarine,arm,navy,Submarine,1,t1_sub,Submarine,840,440,3100,5800,66,Light torpedo launcher,img/bar/armsub.png
bar-corck,bar,corck,Construction Bot,Tech 1 Constructor,core,land,Tech 1 Constructor,1,t1_engineer,Tech 1 Constructor,750,120,1750,3550,34.5,,img/bar/corck.png
bar-armbeaver,bar,armbeaver,Beaver,Amphibious Construction Vehicle,arm,land,Amphibious Construction Vehicle,1,t1_engineer,Amphibious Construction Vehicle,1030,150,3100,6700,42,,img/bar/armbeaver.png
bar-corkarg,bar,corkarg,Karganeth,All-Terrain Assault Mech,core,land,All-Terrain Assault Mech,3,experimental,All-Terrain Assault Mech,12500,2500,57000,94000,45,KarganethMissiles | ShoulderRockets,img/bar/corkarg.png
bar-corsumo,bar,corsumo,Mammoth,Heavily Armored Assault Bot,core,land,Heavily Armored Assault Bot,2,t2_tank,Heavily Armored Assault Bot,15600,2200,35000,65000,22.5,HighEnergyLaser | Laserroar,img/bar/corsumo.png
bar-legsilo,bar,legsilo,Supernova,Nuclear ICBM Launcher,legion,structure,Nuclear ICBM Launcher,2,nuke,Nuclear ICBM Launcher,6200,7700,82000,181000,,Intercontinental Thermonuclear Ballistic Missile | Nuclear Launch,img/bar/legsilo.png
bar-legnanotc,bar,legnanotc,Construction Turret,Assist & Repair in large radius,legion,structure,Assist & Repair in large radius,1,other,Assist & Repair in large radius,560,230,3200,5300,,,img/bar/legnanotc.png
bar-armlun,bar,armlun,Lunkhead,Heavy Hovertank,arm,land,Heavy Hovertank,3,experimental,Heavy Hovertank,5300,1150,23000,40000,50.1,Depthcharge launcher | Heavy ballistic underwater cannon | Heavy ballistic underwater cannon | Heavy g2g rocket launcher,img/bar/armlun.png
bar-armsubk,bar,armsubk,Barracuda,Fast Assault Submarine,arm,navy,Fast Assault Submarine,2,t1_sub,Fast Assault Submarine,2350,950,17000,28000,81,Rapid armor-piercing torpedoes,img/bar/armsubk.png
bar-armraz,bar,armraz,Razorback,Battle Mech,arm,land,Battle Mech,3,experimental,Battle Mech,13300,3800,68000,120000,69,Rapid-fire close quarters g2g armor-piercing laser,img/bar/armraz.png
bar-armveil,bar,armveil,Veil,Long-Range Jamming Tower,arm,structure,Long-Range Jamming Tower,2,other,Long-Range Jamming Tower,830,125,19000,9100,,,img/bar/armveil.png
bar-legspsurfacegunship,bar,legspsurfacegunship,Enyo,Riot Cannon Seaplane Gunship,legion,air,Riot Cannon Seaplane Gunship,1,t2_gunship,Riot Cannon Seaplane Gunship,1200,270,6700,12140,148,Area Control Riot Cannon,img/bar/legspsurfacegunship.png
bar-leggeo,bar,leggeo,Geothermal Powerplant,Produces 300 Energy,legion,other,Produces 300 Energy,1,t1_energy,Produces 300 Energy,2050,560,13000,12900,,,img/bar/leggeo.png
bar-armspid,bar,armspid,Webber,All-Terrain EMP and Reclaiming Spider,arm,land,All-Terrain EMP and Reclaiming Spider,2,t2_tank,All-Terrain EMP and Reclaiming Spider,1110,250,5000,7000,71.55,Close-quarters light EMP laser,img/bar/armspid.png
bar-armmart,bar,armmart,Mauser,Mobile Artillery,arm,land,Mobile Artillery,2,t3_arty,Mobile Artillery,1070,320,4900,8500,60,Long-range g2g plasma cannon,img/bar/armmart.png
bar-cortoast,bar,cortoast,Persecutor,Pop-up Plasma Artillery,core,structure,Pop-up Plasma Artillery,2,t2_arty,Pop-up Plasma Artillery,4250,2500,17000,25700,,Pop-up long-range heavy g2g plasma cannon | Pop-up long-range heavy g2g plasma cannon | Pop-up long-range heavy g2g plasma cannon,img/bar/cortoast.png
bar-leganavalsonarstation,bar,leganavalsonarstation,Auscultor,Extended Sonar Station,legion,other,Extended Sonar Station,2,other,Extended Sonar Station,2400,160,2400,6100,,,img/bar/leganavalsonarstation.png
bar-corvamp,bar,corvamp,Nighthawk,Stealth Fighter,core,air,Stealth Fighter,2,t2_fighter,Stealth Fighter,290,135,4750,10000,379.5,Guided a2a/a2g missile launcher,img/bar/corvamp.png
bar-leglrpc,bar,leglrpc,Olympus,Long-Range Cluster Plasma Cannon,legion,other,Long-Range Cluster Plasma Cannon,2,other,Long-Range Cluster Plasma Cannon,4450,5200,76000,93000,,Long-Range g2g Heavy Cluster Plasma Cannon | Plasma Burst,img/bar/leglrpc.png
bar-armfido,bar,armfido,Hound,Mortar / Skirmish Bot,arm,land,Mortar / Skirmish Bot,2,t2_tank,Mortar / Skirmish Bot,1280,285,6300,6230,69,Ballistic g2g AoE plasma cannon,img/bar/armfido.png
bar-legbastion,bar,legbastion,Bastion,Energy Weapon Defence,legion,structure,Energy Weapon Defence,2,other,Energy Weapon Defence,12000,4200,58000,79000,,Heavy Sustained Sweepfire Heat Ray,img/bar/legbastion.png
bar-cormex,bar,cormex,Metal Extractor,Extracts Metal from Metalspots,core,structure,Extracts Metal from Metalspots,1,t1_mex,Extracts Metal from Metalspots,275,50,500,1870,,,img/bar/cormex.png
bar-legacluster,bar,legacluster,Eviscerator,Pop-up Cluster Plasma Artillery,legion,other,Pop-up Cluster Plasma Artillery,1,t1_arty,Pop-up Cluster Plasma Artillery,3700,2300,15000,25700,,Pop-Up Long-range g2g Cluster Plasma Cannon | Pop-Up Long-range g2g Cluster Plasma Cannon | Pop-Up Long-range g2g Cluster Plasma Cannon | Pop-up Long-Range Heavy g2g Cluster Plasma Cannon,img/bar/legacluster.png
bar-legrhapsis,bar,legrhapsis,Rhapsis,Salvo Anti-Air Missile Battery,legion,other,Salvo Anti-Air Missile Battery,1,t1_aa,Salvo Anti-Air Missile Battery,1900,280,6500,4700,,Advanced g2a Salvo Missile Launcher,img/bar/legrhapsis.png
bar-corban,bar,corban,Banisher,Heavy Missile Tank,core,land,Heavy Missile Tank,2,t2_tank,Heavy Missile Tank,2500,1000,23000,30000,54,Banisher,img/bar/corban.png
bar-armemp,bar,armemp,Paralyzer,EMP Missile Launcher,arm,structure,EMP Missile Launcher,2,other,EMP Missile Launcher,3350,1600,29000,79300,,Heavy long-range g2g EMP starburst rocket,img/bar/armemp.png
bar-corspec,bar,corspec,Deceiver,Radar Jammer Bot,core,land,Radar Jammer Bot,2,other,Radar Jammer Bot,345,75,1550,6500,39,,img/bar/corspec.png
bar-corvipe,bar,corvipe,Scorpion,Pop-up Sabot Battery,core,structure,Pop-up Sabot Battery,2,t2_pd,Pop-up Sabot Battery,3000,730,14000,15000,,Heavy g2g sabot rocket launcher,img/bar/corvipe.png
bar-armstil,bar,armstil,Stiletto,EMP Bomber,arm,air,EMP Bomber,2,t2_bomber,EMP Bomber,1880,460,38000,39000,300,Heavy a2g EMP warheads,img/bar/armstil.png
bar-legbar,bar,legbar,Barrage,Napalm Artillery,legion,land,Napalm Artillery,1,t1_arty,Napalm Artillery,1500,250,3200,3600,40.5,HeavyCannon,img/bar/legbar.png
bar-legvflak,bar,legvflak,Charon,Anti-Air Minigun Truck,legion,land,Anti-Air Minigun Truck,2,t2_flak,Anti-Air Minigun Truck,2700,470,10500,15130,70,Dual Rotary Microflak Cannons,img/bar/legvflak.png
bar-armfhlt,bar,armfhlt,Manta,Floating Heavy Laser Tower,arm,structure,Floating Heavy Laser Tower,1,t1_pd,Floating Heavy Laser Tower,4250,470,6200,9670,,HighEnergyLaser,img/bar/armfhlt.png
bar-corwin,bar,corwin,Wind Turbine,Produces Energy. Depends on wind strength.,core,structure,Produces Energy. Depends on wind strength.,1,t1_energy,Produces Energy. Depends on wind strength.,220,43,175,1680,,,img/bar/corwin.png
bar-armfhp,bar,armfhp,Naval Hovercraft Platform,Builds Hovercraft,arm,structure,Builds Hovercraft,1,t1_factory_land,Builds Hovercraft,3350,670,2000,8700,,,img/bar/armfhp.png
bar-corraid,bar,corraid,Brute,Medium Assault Tank,core,land,Medium Assault Tank,1,t1_tank,Medium Assault Tank,1970,235,2400,3310,72.9,LightCannon,img/bar/corraid.png
bar-legatrans,bar,legatrans,Hippotes,Heavy Transport,legion,other,Heavy Transport,1,other,Heavy Transport,800,190,4000,8500,100,,img/bar/legatrans.png
bar-armtl,bar,armtl,Harpoon,Offshore Torpedo Launcher,arm,structure,Offshore Torpedo Launcher,1,other,Offshore Torpedo Launcher,1300,170,1500,3700,,Level1TorpedoLauncher,img/bar/armtl.png
bar-corcsa,bar,corcsa,Construction Seaplane,Tech 1 Constructor,core,air,Tech 1 Constructor,1,t1_engineer,Tech 1 Constructor,435,140,8200,14500,217.5,,img/bar/corcsa.png
bar-corgant,bar,corgant,Experimental Gantry,Produces Experimental Units,core,structure,Produces Experimental Units,3,experimental,Produces Experimental Units,17800,8400,62000,68000,,,img/bar/corgant.png
bar-armguard,bar,armguard,Gauntlet,Area Control Plasma Artillery,arm,structure,Area Control Plasma Artillery,1,t2_arty,Area Control Plasma Artillery,3050,1250,12500,19300,,Heavy g2g long range plasma cannon | Heavy g2g long range plasma cannon | Heavy g2g long range plasma cannon,img/bar/armguard.png
bar-armpt,bar,armpt,Skater,Stealthy Patrol Boat / Light Anti Air / Sonar,arm,navy,Stealthy Patrol Boat / Light Anti Air / Sonar,1,t1_frigate,Stealthy Patrol Boat / Light Anti Air / Sonar,780,150,1000,2700,93,Light close-quarters laser | Light g2a missile launcher,img/bar/armpt.png
bar-leganavyantinukecarrier,bar,leganavyantinukecarrier,Hecate,Anti-nuke Drone Carrier Support Ship,legion,navy,Anti-nuke Drone Carrier Support Ship,2,antinuke,Anti-nuke Drone Carrier Support Ship,5000,1400,12000,26800,63,ICBM intercepting missile launcher | Multi-Drone Control Matrix,img/bar/leganavyantinukecarrier.png
bar-armlab,bar,armlab,Bot Lab,Produces Tech 1 Bots,arm,structure,Produces Tech 1 Bots,1,t1_factory_land,Produces Tech 1 Bots,2900,500,950,5000,,,img/bar/armlab.png
bar-armfus,bar,armfus,Fusion Reactor,Produces 750 Energy,arm,structure,Produces 750 Energy,2,t2_energy,Produces 750 Energy,3800,3350,18000,54000,,,img/bar/armfus.png
bar-legmlv,bar,legmlv,Sapper,Stealthy Minelayer / Minesweeper,legion,land,Stealthy Minelayer / Minesweeper,1,other,Stealthy Minelayer / Minesweeper,210,52,900,3640,69,Seismic charge,img/bar/legmlv.png
bar-legamphtank,bar,legamphtank,Cetus,Light Amphibious Tank,legion,land,Light Amphibious Tank,1,t1_tank,Light Amphibious Tank,1340,200,2000,2610,63.0,Light Close-quarters Gauss Cannon,img/bar/legamphtank.png
bar-leganavyantiswarm,bar,leganavyantiswarm,Leocampus,Anti-Swarm Ship,legion,navy,Anti-Swarm Ship,2,other,Anti-Swarm Ship,2300,500,8500,11270,105,Advanced g2a Salvo Missile Launcher | Medium Blast Riot Cannon,img/bar/leganavyantiswarm.png
bar-leguwestore,bar,leguwestore,Naval Energy Storage,Increases Energy Storage (6000),legion,other,Increases Energy Storage (6000),1,t1_energy,Increases Energy Storage (6000),2000,175,1800,4260,,,img/bar/leguwestore.png
bar-armkam,bar,armkam,Banshee,Light Gunship,arm,air,Light Gunship,1,t2_gunship,Light Gunship,560,135,2300,5050,184.8,Rapid-fire close-quarters a2g plasma guns,img/bar/armkam.png
bar-armpeep,bar,armpeep,Blink,Scout,arm,air,Scout,1,t1_air_scout,Scout,89,52,1550,2800,375,,img/bar/armpeep.png
bar-armmoho,bar,armmoho,Advanced Metal Extractor,Advanced Metal Extractor / Storage,arm,structure,Advanced Metal Extractor / Storage,2,t2_mex,Advanced Metal Extractor / Storage,2800,620,7700,14900,,,img/bar/armmoho.png
bar-armbeamer,bar,armbeamer,Beamer,Beam Laser Turret,arm,structure,Beam Laser Turret,1,t1_pd,Beam Laser Turret,1430,190,1500,4800,,Anti-swarm constant wave g2g laser,img/bar/armbeamer.png
bar-legnavyaaship,bar,legnavyaaship,Iapetus,Anti-Air & Radar Support Ship,legion,navy,Anti-Air & Radar Support Ship,1,t1_radar,Anti-Air & Radar Support Ship,1200,250,3600,4000,60,Advanced g2a Salvo Missile Launcher | Advanced g2a Salvo Missile Launcher,img/bar/legnavyaaship.png
bar-corhllt,bar,corhllt,Twin Guard,Anti-Swarm Double Guard,core,structure,Anti-Swarm Double Guard,1,other,Anti-Swarm Double Guard,1670,195,1750,4900,,Close-quarters light g2g laser | Close-quarters light g2g laser,img/bar/corhllt.png
bar-legforti,bar,legforti,Fortification Wall,Advanced Fortification,legion,other,Advanced Fortification,1,other,Advanced Fortification,8900,40,500,1000,,,img/bar/legforti.png
bar-legstronghold,bar,legstronghold,Stronghold,Hybrid Heavy Transport Gunship,legion,air,Hybrid Heavy Transport Gunship,2,t1_transport,Hybrid Heavy Transport Gunship,2600,550,11000,24200,175,Medium Shotgun,img/bar/legstronghold.png
bar-armfrt,bar,armfrt,Naval Nettle,Floating Anti-air Tower,arm,structure,Floating Anti-air Tower,1,t1_aa_turret,Floating Anti-air Tower,380,90,1000,2200,,Missiles,img/bar/armfrt.png
bar-armah,bar,armah,Sweeper,Anti-Air Hovercraft,arm,land,Anti-Air Hovercraft,1,t1_aa,Anti-Air Hovercraft,1070,230,4500,3560,88.5,Missiles | Light g2a missile launcher,img/bar/armah.png
bar-cortron,bar,cortron,Catalyst,Tactical Missile Launcher,core,structure,Tactical Missile Launcher,2,other,Tactical Missile Launcher,3550,1200,14000,59000,,Long range tactical g2g nuclear warheads,img/bar/cortron.png
bar-legaheattank,bar,legaheattank,Prometheus,Heavy Assault Heatray Tank,legion,land,Heavy Assault Heatray Tank,2,t2_tank,Heavy Assault Heatray Tank,7700,1250,19000,25600,52,Heavy g2g Cleansing Heat Ray,img/bar/legaheattank.png
bar-armuwadves,bar,armuwadves,Hardened Energy Storage,Increases Energy Storage (40000),arm,structure,Increases Energy Storage (40000),2,t2_energy,Increases Energy Storage (40000),11700,830,10000,20300,,,img/bar/armuwadves.png
bar-corsilo,bar,corsilo,Apocalypse,Nuclear ICBM Launcher,core,structure,Nuclear ICBM Launcher,2,nuke,Nuclear ICBM Launcher,6200,7700,82000,181000,,Intercontinental thermonuclear ballistic missile | Nuclear Launch,img/bar/corsilo.png
bar-cormuskrat,bar,cormuskrat,Muskrat,Amphibious Construction Vehicle,core,land,Amphibious Construction Vehicle,1,t1_engineer,Amphibious Construction Vehicle,1110,170,3500,6860,40.5,,img/bar/cormuskrat.png
bar-cormaw,bar,cormaw,Dragon's Maw,Pop-up Flamethrower Turret,core,structure,Pop-up Flamethrower Turret,1,wall,Pop-up Flamethrower Turret,1610,290,1550,4420,,Pop-up anti-swarm AoE flamethrower,img/bar/cormaw.png
bar-corseap,bar,corseap,Monsoon,Torpedo Gunship,core,air,Torpedo Gunship,1,t2_gunship,Torpedo Gunship,1070,230,5500,13000,266.10001,Homing torpedo launcher,img/bar/corseap.png
bar-legadvaabot,bar,legadvaabot,Aquilon,Heavy Amphibious Anti-Air Bot,legion,land,Heavy Amphibious Anti-Air Bot,2,t2_flak,Heavy Amphibious Anti-Air Bot,1200,750,6650,11270,34.5,Rotary Microflak Cannon | Light Anti-Air Railgun,img/bar/legadvaabot.png
bar-corcrwh,bar,corcrwh,Dragon,Flying Fortress,core,air,Flying Fortress,2,other,Flying Fortress,16700,5100,72000,120000,114.9,High energy a2g laser | Advanced d2a rapid missile launcher | Dragon's Maw: heavy medium range AoE flamethrower | HighEnergyLaser,img/bar/corcrwh.png
bar-corpship,bar,corpship,Riptide,Assault Frigate,core,navy,Assault Frigate,1,t1_frigate,Assault Frigate,2350,420,2800,4550,82.5,LightCannon,img/bar/corpship.png
bar-legjuno,bar,legjuno,Juno,Anti Radar / Jammer / Minefield / ScoutSpam Weapon,legion,other,Anti Radar / Jammer / Minefield / ScoutSpam Weapon,1,other,Anti Radar / Jammer / Minefield / ScoutSpam Weapon,2500,660,16000,27700,,Anti-Radar/Jammer/Mine Electromagnetic Payload | juno_pulse_ghost,img/bar/legjuno.png
bar-corgeo,bar,corgeo,Geothermal Powerplant,Produces 300 Energy,core,structure,Produces 300 Energy,1,t1_energy,Produces 300 Energy,2050,540,13000,12900,,,img/bar/corgeo.png
bar-cormine1,bar,cormine1,Light Mine,,core,structure,Light Mine,1,other,Light Mine,11,7,270,100,,Crawlingbomb Dummy Weapon,img/bar/cormine1.png
bar-legfeconv,bar,legfeconv,Naval Energy Converter,Converts 70 energy into 1 metal per second,legion,other,Converts 70 energy into 1 metal per second,1,other,Converts 70 energy into 1 metal per second,167,1,1250,2680,,,img/bar/legfeconv.png
bar-corfdoom,bar,corfdoom,Devastator,Floating Multi-Weapon Platform,core,structure,Floating Multi-Weapon Platform,2,other,Floating Multi-Weapon Platform,6700,1200,15000,24000,,Light close-quarters g2g laser | Medium-range g2g plasma cannon | High energy g2g laser,img/bar/corfdoom.png
bar-legphoenix,bar,legphoenix,Phoenix,Heavy Assault Heatray Bomber,legion,air,Heavy Assault Heatray Bomber,2,t2_bomber,Heavy Assault Heatray Bomber,2000,450,25000,46600,270,PhoenixBlast | Heavy a2g Phoenix Flame Heat Ray | Targetting System,img/bar/legphoenix.png
bar-legscout,bar,legscout,Wheelie,Light Scout Vehicle,legion,other,Light Scout Vehicle,1,t1_land_scout,Light Scout Vehicle,75,25,370,900,160.0,Burst-fire Machine Gun,img/bar/legscout.png
bar-cortide,bar,cortide,Tidal Generator,Produces Energy (depends on map),core,structure,Produces Energy (depends on map),1,t1_energy,Produces Energy (depends on map),395,85,250,2100,,,img/bar/cortide.png
bar-corint,bar,corint,Basilisk,Long Range Plasma Cannon,core,structure,Long Range Plasma Cannon,2,t3_arty_static,Long Range Plasma Cannon,4700,4600,67000,93300,,Long-range plasma cannon,img/bar/corint.png
bar-corlevlr,bar,corlevlr,Pounder,Anti-Swarm Tank,core,land,Anti-Swarm Tank,1,t1_tank,Anti-Swarm Tank,1490,220,2600,3000,40.5,RiotCannon,img/bar/corlevlr.png
bar-cormort,bar,cormort,Sheldon,Mobile Mortar Bot,core,land,Mobile Mortar Bot,2,t3_arty,Mobile Mortar Bot,940,400,2800,7000,50.4,PlasmaCannon,img/bar/cormort.png
bar-armseap,bar,armseap,Puffin,Torpedo Gunship,arm,air,Torpedo Gunship,1,t2_gunship,Torpedo Gunship,1380,290,6500,18000,271.20001,Homing torpedo launcher,img/bar/armseap.png
bar-corgate,bar,corgate,Overseer,Plasma Shield,core,structure,Plasma Shield,2,shield,Plasma Shield,3550,3200,55000,55000,,PlasmaRepulsor,img/bar/corgate.png
bar-legapopupdef,bar,legapopupdef,Chimera,Pop-Up Multi-Weapon Defence Turret,legion,other,Pop-Up Multi-Weapon Defence Turret,2,other,Pop-Up Multi-Weapon Defence Turret,2800,750,15000,17500,,Heavy Riot Blast Cannon | Dual Rotary Machine Guns,img/bar/legapopupdef.png
bar-legjav,bar,legjav,Javelin,Amphibious Raider,legion,other,Amphibious Raider,3,experimental,Amphibious Raider,7200,1200,21000,39850,65.0,Twin Rapid-fire Machine Guns | Light AA Rotary Gun,img/bar/legjav.png
bar-corroy,bar,corroy,Oppressor,Destroyer,core,navy,Destroyer,1,t2_destroyer,Destroyer,3950,960,7200,10600,62.4,Depthcharge launcher | HeavyCannon,img/bar/corroy.png
bar-legarad,bar,legarad,Advanced Radar Tower,Long-Range Radar,legion,other,Long-Range Radar,2,t1_radar,Long-Range Radar,355,400,14000,8000,,,img/bar/legarad.png
bar-armaser,bar,armaser,Smuggler,Radar Jammer Bot,arm,land,Radar Jammer Bot,2,other,Radar Jammer Bot,340,78,1400,6000,48.3,,img/bar/armaser.png
bar-armfark,bar,armfark,Butler,Fast Assist / Repair Bot,arm,land,Fast Assist / Repair Bot,2,t2_engineer,Fast Assist / Repair Bot,335,210,3000,6000,75,,img/bar/armfark.png
bar-corjamt,bar,corjamt,Castro,Short-Range Jamming Device,core,structure,Short-Range Jamming Device,1,other,Short-Range Jamming Device,1070,115,5200,4570,,,img/bar/corjamt.png
bar-armacsub,bar,armacsub,Advanced Construction Sub,Tech 2 Constructor,arm,navy,Tech 2 Constructor,2,t2_engineer,Tech 2 Constructor,1110,700,9000,23000,72,,img/bar/armacsub.png
bar-armflea,bar,armflea,Tick,Fast Scout Bot,arm,land,Fast Scout Bot,1,t1_land_scout,Fast Scout Bot,60,21,300,800,132,Light Close-Quarters Fast-Firing g2g Laser,img/bar/armflea.png
bar-armwin,bar,armwin,Wind Turbine,Produces Energy. Depends on wind strength.,arm,structure,Produces Energy. Depends on wind strength.,1,t1_energy,Produces Energy. Depends on wind strength.,196,40,175,1600,,,img/bar/armwin.png
